RMS	centAngle	centDist	centX	centY	percentValid	ptIdx	condition	subj	offset
0.67	271.72	1.65	341.60	1108.90	1.00	22	e_0deg	e	0deg
0.42	295.66	2.22	660.21	833.53	0.94	13	e_0deg	e	0deg
0.58	285.25	2.71	785.50	602.52	0.96	4	e_0deg	e	0deg
0.61	313.76	2.34	436.32	614.94	1.00	6	e_0deg	e	0deg
0.16	284.53	2.58	274.73	1083.69	0.98	16	e_0deg	e	0deg
1.33	276.02	2.18	704.70	860.77	0.94	14	e_0deg	e	0deg
0.24	289.39	2.19	621.21	1011.06	0.96	18	e_0deg	e	0deg
0.86	271.36	2.56	843.45	759.27	0.98	10	e_0deg	e	0deg
0.36	283.35	2.79	607.45	785.96	0.94	8	e_0deg	e	0deg
0.09	277.92	3.09	904.27	676.55	0.98	5	e_0deg	e	0deg
0.48	291.90	2.42	316.88	1207.08	0.98	21	e_0deg	e	0deg
0.57	294.99	2.84	533.04	928.53	0.98	12	e_0deg	e	0deg
0.56	284.13	2.80	447.28	786.09	0.94	7	e_0deg	e	0deg
0.82	342.46	2.91	629.72	646.38	1.00	11	e_0deg	e	0deg
1.08	277.88	1.85	708.94	1138.62	0.94	24	e_0deg	e	0deg
0.17	294.62	3.46	406.84	690.82	0.98	1	e_0deg	e	0deg
0.20	286.90	2.41	783.46	1051.12	0.96	19	e_0deg	e	0deg
0.80	286.97	3.23	823.79	848.21	0.96	9	e_0deg	e	0deg
0.24	276.85	2.75	888.00	955.23	0.96	15	e_0deg	e	0deg
0.38	286.55	2.01	595.44	1154.48	1.00	23	e_0deg	e	0deg
1.10	284.78	3.34	475.49	705.33	0.98	2	e_0deg	e	0deg
0.94	285.23	2.07	923.78	1165.58	1.00	25	e_0deg	e	0deg
0.35	281.93	3.47	619.56	732.77	0.96	3	e_0deg	e	0deg
1.00	287.25	2.54	458.70	1070.46	0.92	17	e_0deg	e	0deg
0.68	286.91	2.56	957.55	1075.32	0.94	20	e_0deg	e	0deg
1.58	266.28	1.97	478.71	494.19	0.96	3	e_5deg_L	e	5deg_L
1.29	265.68	1.88	809.68	479.63	0.82	5	e_5deg_L	e	5deg_L
0.54	411.50	0.85	587.88	556.21	0.96	18	e_5deg_L	e	5deg_L
0.46	414.38	0.75	405.96	731.98	0.98	22	e_5deg_L	e	5deg_L
1.88	262.84	2.79	608.74	627.98	1.00	4	e_5deg_L	e	5deg_L
0.54	280.64	1.38	709.30	560.18	1.00	9	e_5deg_L	e	5deg_L
0.87	289.79	1.45	248.41	393.85	0.92	1	e_5deg_L	e	5deg_L
0.46	306.09	0.80	578.06	440.43	0.98	8	e_5deg_L	e	5deg_L
0.45	292.27	1.47	425.96	392.83	0.92	2	e_5deg_L	e	5deg_L
0.41	447.09	0.16	667.98	807.53	0.98	24	e_5deg_L	e	5deg_L
1.34	274.66	0.54	840.66	589.86	0.88	15	e_5deg_L	e	5deg_L
0.44	310.39	0.55	559.80	570.30	1.00	13	e_5deg_L	e	5deg_L
0.60	344.96	0.65	438.67	694.98	0.98	17	e_5deg_L	e	5deg_L
0.67	274.81	0.49	840.19	914.83	0.96	25	e_5deg_L	e	5deg_L
0.29	313.52	0.57	731.57	735.02	0.94	19	e_5deg_L	e	5deg_L
0.70	372.29	0.53	586.88	814.41	0.98	23	e_5deg_L	e	5deg_L
0.14	306.30	0.75	407.13	600.47	0.94	12	e_5deg_L	e	5deg_L
0.80	281.29	0.82	693.48	634.26	1.00	14	e_5deg_L	e	5deg_L
0.54	296.98	0.99	241.23	646.44	0.96	11	e_5deg_L	e	5deg_L
0.75	278.19	0.76	851.43	792.33	0.98	20	e_5deg_L	e	5deg_L
0.66	296.66	1.36	435.28	536.38	1.00	7	e_5deg_L	e	5deg_L
0.17	401.52	0.36	212.00	793.20	1.00	21	e_5deg_L	e	5deg_L
0.67	322.70	1.16	320.89	450.81	0.94	6	e_5deg_L	e	5deg_L
1.46	370.50	1.45	404.36	622.60	0.94	16	e_5deg_L	e	5deg_L
1.23	264.73	1.14	815.96	521.69	0.98	10	e_5deg_L	e	5deg_L
0.22	278.09	2.92	401.76	814.78	0.90	7	e_5deg_R	e	5deg_R
0.38	287.76	2.06	271.32	1160.12	1.00	21	e_5deg_R	e	5deg_R
0.36	282.66	2.33	751.60	1044.78	1.00	19	e_5deg_R	e	5deg_R
0.48	275.42	2.20	868.00	1198.52	1.00	25	e_5deg_R	e	5deg_R
0.45	294.19	2.41	831.06	1199.36	0.94	24	e_5deg_R	e	5deg_R
0.22	277.42	3.16	901.35	688.65	0.98	5	e_5deg_R	e	5deg_R
0.30	281.18	2.67	919.53	1102.90	0.98	20	e_5deg_R	e	5deg_R
1.18	291.84	1.63	601.08	1085.49	0.98	23	e_5deg_R	e	5deg_R
0.50	283.42	2.58	933.24	918.68	1.00	15	e_5deg_R	e	5deg_R
0.20	282.42	2.87	269.64	1134.38	1.00	16	e_5deg_R	e	5deg_R
0.37	281.66	3.04	769.15	830.05	0.82	9	e_5deg_R	e	5deg_R
0.20	288.22	2.52	964.48	731.78	1.00	10	e_5deg_R	e	5deg_R
0.45	286.05	2.03	593.43	991.35	0.92	18	e_5deg_R	e	5deg_R
0.31	278.65	3.54	255.43	917.04	0.94	6	e_5deg_R	e	5deg_R
0.82	279.02	3.74	597.65	781.57	0.92	3	e_5deg_R	e	5deg_R
0.19	278.08	3.53	416.00	749.25	0.96	2	e_5deg_R	e	5deg_R
1.01	281.94	3.04	438.18	995.70	1.00	12	e_5deg_R	e	5deg_R
0.16	280.71	2.83	254.24	963.02	1.00	11	e_5deg_R	e	5deg_R
0.19	279.26	2.97	579.82	822.63	0.98	8	e_5deg_R	e	5deg_R
0.33	277.73	2.83	396.84	1134.69	0.98	17	e_5deg_R	e	5deg_R
0.58	280.09	2.65	577.31	934.63	0.98	13	e_5deg_R	e	5deg_R
0.20	279.15	2.84	742.04	967.85	0.96	14	e_5deg_R	e	5deg_R
1.14	298.95	2.23	513.23	1158.49	0.94	22	e_5deg_R	e	5deg_R
1.37	268.91	3.45	655.75	740.90	0.80	4	e_5deg_R	e	5deg_R
0.66	282.58	3.54	295.28	743.02	1.00	1	e_5deg_R	e	5deg_R
3.26	186.21	2.75	-289.50	883.00	0.04	21	e_10deg_L	e	10deg_L
0.75	340.86	2.81	608.38	486.62	0.78	6	e_10deg_L	e	10deg_L
0.53	305.53	1.76	837.00	905.16	1.00	19	e_10deg_L	e	10deg_L
0.45	301.47	2.67	565.47	712.53	0.86	7	e_10deg_L	e	10deg_L
0.77	298.69	3.00	906.92	605.73	0.98	4	e_10deg_L	e	10deg_L
0.74	305.92	2.66	1093.39	692.33	0.92	10	e_10deg_L	e	10deg_L
1.23	304.21	1.07	600.61	981.33	0.92	23	e_10deg_L	e	10deg_L
1.17	313.73	2.20	420.11	764.98	0.92	11	e_10deg_L	e	10deg_L
1.55	283.53	3.61	974.23	752.31	0.96	5	e_10deg_L	e	10deg_L
0.44	306.08	2.76	437.22	538.02	0.98	1	e_10deg_L	e	10deg_L
0.98	303.41	2.39	552.48	498.92	0.96	2	e_10deg_L	e	10deg_L
1.10	314.73	1.42	499.49	1001.07	0.86	22	e_10deg_L	e	10deg_L
1.23	330.58	1.50	551.60	789.76	0.90	17	e_10deg_L	e	10deg_L
0.56	305.36	2.62	752.77	689.50	0.96	8	e_10deg_L	e	10deg_L
0.66	305.68	2.65	423.98	1024.98	0.86	16	e_10deg_L	e	10deg_L
0.73	327.46	1.74	743.88	822.25	0.96	18	e_10deg_L	e	10deg_L
1.21	301.33	1.29	945.40	1017.44	0.86	25	e_10deg_L	e	10deg_L
1.22	311.91	1.66	851.00	1038.73	0.88	24	e_10deg_L	e	10deg_L
0.55	297.91	3.34	760.20	657.96	0.90	3	e_10deg_L	e	10deg_L
0.45	296.99	2.58	862.17	883.90	0.96	14	e_10deg_L	e	10deg_L
1.03	307.14	1.67	1001.64	888.91	0.88	20	e_10deg_L	e	10deg_L
1.68	273.42	2.35	856.70	891.57	0.94	15	e_10deg_L	e	10deg_L
0.59	303.90	2.76	922.80	714.43	0.88	9	e_10deg_L	e	10deg_L
0.59	303.41	2.46	725.36	841.69	0.90	13	e_10deg_L	e	10deg_L
0.33	307.15	2.48	583.04	829.52	0.92	12	e_10deg_L	e	10deg_L
0.70	277.68	2.10	713.47	513.84	0.98	4	e_10deg_R	e	10deg_R
0.70	272.61	1.90	514.42	1149.96	0.96	23	e_10deg_R	e	10deg_R
0.97	276.37	1.99	536.76	829.37	0.98	13	e_10deg_R	e	10deg_R
0.35	279.39	2.48	400.74	907.78	1.00	12	e_10deg_R	e	10deg_R
0.66	280.08	2.36	902.23	1220.81	0.94	25	e_10deg_R	e	10deg_R
0.58	280.36	2.45	740.16	1235.16	0.88	24	e_10deg_R	e	10deg_R
0.76	283.54	3.79	981.33	1114.75	0.72	15	e_10deg_R	e	10deg_R
1.14	287.28	3.09	986.38	1158.57	0.74	20	e_10deg_R	e	10deg_R
0.36	278.71	3.26	248.92	703.28	1.00	1	e_10deg_R	e	10deg_R
0.32	281.86	2.27	410.98	536.49	0.94	2	e_10deg_R	e	10deg_R
1.41	286.34	2.39	278.86	1049.24	1.00	16	e_10deg_R	e	10deg_R
1.00	286.17	1.50	402.82	906.26	1.00	17	e_10deg_R	e	10deg_R
0.24	280.16	2.87	417.76	1304.29	1.02	22	e_10deg_R	e	10deg_R
0.66	282.20	2.72	429.14	776.47	0.98	7	e_10deg_R	e	10deg_R
0.50	285.93	2.97	302.74	809.94	1.00	6	e_10deg_R	e	10deg_R
0.90	268.43	3.14	819.02	688.98	0.88	5	e_10deg_R	e	10deg_R
0.83	279.68	2.67	574.96	1106.02	0.90	18	e_10deg_R	e	10deg_R
0.22	277.75	2.61	725.32	931.08	1.00	14	e_10deg_R	e	10deg_R
0.21	270.37	2.50	836.06	749.96	1.00	10	e_10deg_R	e	10deg_R
0.89	274.01	2.72	698.35	1118.33	0.92	19	e_10deg_R	e	10deg_R
0.21	281.57	2.92	264.33	977.27	0.96	11	e_10deg_R	e	10deg_R
0.75	278.64	3.02	742.17	830.15	0.92	9	e_10deg_R	e	10deg_R
1.21	284.91	2.40	269.63	1220.04	0.98	21	e_10deg_R	e	10deg_R
0.75	286.67	3.11	648.58	829.40	0.90	8	e_10deg_R	e	10deg_R
0.39	272.87	3.04	525.30	671.96	1.00	3	e_10deg_R	e	10deg_R
2.12	241.84	0.17	319.60	859.00	0.84	22	e_15deg_L	e	15deg_L
1.06	322.69	1.70	558.51	504.96	0.94	7	e_15deg_L	e	15deg_L
1.23	326.37	2.27	647.90	375.90	0.82	2	e_15deg_L	e	15deg_L
1.25	344.61	0.97	989.16	709.55	0.88	20	e_15deg_L	e	15deg_L
1.05	353.36	0.64	605.80	845.65	0.92	23	e_15deg_L	e	15deg_L
1.64	271.48	1.75	840.88	458.60	0.86	5	e_15deg_L	e	15deg_L
1.16	343.76	1.34	714.80	729.22	0.98	18	e_15deg_L	e	15deg_L
1.57	326.18	1.68	899.00	489.00	0.92	9	e_15deg_L	e	15deg_L
2.27	344.25	1.60	757.31	239.25	0.96	3	e_15deg_L	e	15deg_L
1.57	511.90	0.41	606.07	800.98	0.86	24	e_15deg_L	e	15deg_L
1.28	324.24	1.02	470.60	598.88	0.96	12	e_15deg_L	e	15deg_L
1.30	295.01	1.71	287.48	425.62	0.84	1	e_15deg_L	e	15deg_L
2.13	362.13	2.85	640.77	482.35	0.80	11	e_15deg_L	e	15deg_L
0.90	339.66	1.48	1064.06	918.85	0.94	25	e_15deg_L	e	15deg_L
1.62	349.41	1.38	558.75	708.79	0.96	17	e_15deg_L	e	15deg_L
1.77	270.77	1.68	670.40	946.04	0.90	19	e_15deg_L	e	15deg_L
1.68	257.82	2.55	743.74	748.40	0.86	10	e_15deg_L	e	15deg_L
1.65	320.99	2.05	432.25	548.45	0.88	6	e_15deg_L	e	15deg_L
1.17	328.60	0.80	947.80	569.87	0.92	15	e_15deg_L	e	15deg_L
1.02	340.75	1.83	454.72	933.91	0.86	21	e_15deg_L	e	15deg_L
1.84	256.96	1.41	613.50	729.63	0.92	14	e_15deg_L	e	15deg_L
0.51	325.27	2.18	798.29	706.78	0.82	13	e_15deg_L	e	15deg_L
1.15	304.34	2.22	708.62	638.69	0.84	8	e_15deg_L	e	15deg_L
1.94	378.31	0.77	288.95	626.20	0.88	16	e_15deg_L	e	15deg_L
1.70	303.40	1.53	806.96	379.44	0.90	4	e_15deg_L	e	15deg_L
0.97	299.25	1.18	596.15	505.02	0.92	8	e_15deg_R	e	15deg_R
1.79	261.72	1.86	622.07	1139.98	0.92	24	e_15deg_R	e	15deg_R
0.83	256.36	1.48	775.02	1073.63	0.98	25	e_15deg_R	e	15deg_R
0.95	226.36	2.65	528.46	819.70	0.92	15	e_15deg_R	e	15deg_R
2.11	256.20	0.93	129.67	983.93	0.84	21	e_15deg_R	e	15deg_R
0.94	283.31	2.43	926.63	727.59	0.98	10	e_15deg_R	e	15deg_R
1.99	284.84	1.84	245.18	796.43	0.88	11	e_15deg_R	e	15deg_R
0.95	252.73	2.37	382.94	543.30	1.00	3	e_15deg_R	e	15deg_R
0.75	257.27	2.13	588.43	1013.06	0.98	19	e_15deg_R	e	15deg_R
0.86	257.90	2.72	238.40	776.32	1.00	7	e_15deg_R	e	15deg_R
0.66	242.48	2.19	664.42	990.88	0.96	20	e_15deg_R	e	15deg_R
0.82	270.94	3.11	675.16	684.80	0.90	4	e_15deg_R	e	15deg_R
1.60	272.11	1.85	178.02	975.54	0.92	16	e_15deg_R	e	15deg_R
0.76	248.68	2.69	337.18	917.14	1.00	13	e_15deg_R	e	15deg_R
0.37	265.23	1.06	318.71	1008.67	0.98	22	e_15deg_R	e	15deg_R
1.07	265.21	1.09	484.75	848.50	0.88	18	e_15deg_R	e	15deg_R
1.30	268.40	3.07	152.41	677.41	0.74	1	e_15deg_R	e	15deg_R
0.89	269.17	2.57	327.09	1095.42	0.66	17	e_15deg_R	e	15deg_R
1.72	263.23	3.09	772.55	678.42	0.76	5	e_15deg_R	e	15deg_R
0.53	258.61	2.06	598.81	836.77	0.94	14	e_15deg_R	e	15deg_R
1.11	252.45	2.42	545.09	717.72	0.94	9	e_15deg_R	e	15deg_R
0.83	282.96	1.82	234.82	629.53	0.90	6	e_15deg_R	e	15deg_R
1.12	254.12	1.28	441.65	1038.41	0.92	23	e_15deg_R	e	15deg_R
0.80	265.41	2.37	301.69	894.10	0.96	12	e_15deg_R	e	15deg_R
0.20	256.67	2.66	231.08	598.32	1.00	2	e_15deg_R	e	15deg_R
1.20	240.73	1.13	240.93	831.54	0.92	17	k_0deg	k	0deg
1.55	462.48	0.35	154.18	276.93	0.88	6	k_0deg	k	0deg
0.56	244.50	0.38	639.06	391.19	0.94	9	k_0deg	k	0deg
0.57	251.63	0.96	449.41	985.65	0.92	23	k_0deg	k	0deg
0.68	248.71	1.30	421.55	868.02	0.98	18	k_0deg	k	0deg
0.39	246.47	0.93	605.04	641.54	0.92	14	k_0deg	k	0deg
0.12	254.10	1.01	787.34	661.50	1.00	15	k_0deg	k	0deg
1.17	256.90	1.47	611.13	905.24	0.92	19	k_0deg	k	0deg
0.97	249.45	1.57	575.08	1077.63	0.98	24	k_0deg	k	0deg
0.18	247.29	1.41	742.88	882.84	0.98	20	k_0deg	k	0deg
0.75	277.13	1.02	687.82	335.80	0.98	4	k_0deg	k	0deg
0.63	260.09	1.67	452.12	440.84	0.98	3	k_0deg	k	0deg
0.37	262.41	1.15	308.00	1023.33	0.96	22	k_0deg	k	0deg
0.64	265.96	1.31	317.98	384.29	0.96	2	k_0deg	k	0deg
0.18	253.63	1.03	785.09	330.89	0.90	5	k_0deg	k	0deg
0.46	263.81	0.90	150.45	982.86	0.84	21	k_0deg	k	0deg
0.47	251.28	1.06	443.20	500.94	0.98	8	k_0deg	k	0deg
0.44	260.62	1.17	135.00	691.64	0.90	11	k_0deg	k	0deg
0.64	258.70	1.39	287.81	561.17	0.84	7	k_0deg	k	0deg
0.47	264.16	1.21	146.12	367.58	0.96	1	k_0deg	k	0deg
0.55	247.35	1.19	423.78	682.67	0.98	13	k_0deg	k	0deg
0.42	265.37	1.79	809.21	1131.38	0.96	25	k_0deg	k	0deg
0.38	274.20	0.67	174.81	777.52	0.96	16	k_0deg	k	0deg
0.37	280.95	0.89	361.60	646.08	0.96	12	k_0deg	k	0deg
0.89	260.69	1.95	780.79	653.83	0.84	10	k_0deg	k	0deg
0.31	239.17	0.36	635.62	552.02	0.94	14	k_5deg_L	k	5deg_L
1.30	251.04	1.90	230.70	1132.15	0.94	22	k_5deg_L	k	5deg_L
0.60	245.31	0.19	320.04	362.24	0.98	7	k_5deg_L	k	5deg_L
1.00	200.44	3.86	-436.13	1058.04	0.94	21	k_5deg_L	k	5deg_L
0.96	259.25	0.77	309.35	293.04	0.92	2	k_5deg_L	k	5deg_L
0.74	256.92	0.96	797.30	321.78	1.00	5	k_5deg_L	k	5deg_L
0.81	249.62	0.86	616.47	301.79	0.86	4	k_5deg_L	k	5deg_L
1.11	411.79	0.56	224.72	426.26	0.86	11	k_5deg_L	k	5deg_L
2.11	228.64	0.55	606.37	901.83	0.82	24	k_5deg_L	k	5deg_L
0.91	209.03	3.48	-7.19	948.19	0.96	18	k_5deg_L	k	5deg_L
1.36	474.10	0.51	298.44	421.98	0.82	12	k_5deg_L	k	5deg_L
0.76	288.63	0.53	861.37	416.48	0.92	10	k_5deg_L	k	5deg_L
0.22	287.10	1.00	215.86	326.56	0.86	1	k_5deg_L	k	5deg_L
0.78	292.66	0.57	536.91	421.76	0.90	8	k_5deg_L	k	5deg_L
0.90	205.89	1.81	395.98	798.02	0.92	19	k_5deg_L	k	5deg_L
1.43	197.62	3.37	-35.50	1003.41	0.92	23	k_5deg_L	k	5deg_L
0.67	203.12	0.65	733.09	709.47	0.86	20	k_5deg_L	k	5deg_L
0.76	327.60	3.92	717.77	1016.46	0.26	16	k_5deg_L	k	5deg_L
1.70	531.48	0.74	378.76	481.83	0.82	13	k_5deg_L	k	5deg_L
1.22	535.26	0.37	104.76	328.20	0.92	6	k_5deg_L	k	5deg_L
0.48	307.60	0.27	527.82	202.80	0.90	3	k_5deg_L	k	5deg_L
1.31	232.93	1.73	659.61	1063.31	0.98	25	k_5deg_L	k	5deg_L
1.77	211.92	1.16	502.66	435.50	0.76	9	k_5deg_L	k	5deg_L
2.89	252.44	2.68	198.65	1092.35	0.40	17	k_5deg_L	k	5deg_L
0.69	268.96	0.25	832.57	542.23	0.88	15	k_5deg_L	k	5deg_L
0.40	353.61	0.27	544.70	338.34	1.00	8	k_5deg_R	k	5deg_R
0.18	400.47	0.24	363.57	474.20	0.98	12	k_5deg_R	k	5deg_R
0.19	356.01	0.68	946.82	841.24	1.00	25	k_5deg_R	k	5deg_R
0.90	289.86	0.53	863.10	415.76	0.98	10	k_5deg_R	k	5deg_R
0.24	292.23	0.91	557.58	307.58	0.96	3	k_5deg_R	k	5deg_R
1.27	413.05	1.19	785.54	341.98	0.92	14	k_5deg_R	k	5deg_R
0.33	389.35	0.64	260.36	613.98	1.00	16	k_5deg_R	k	5deg_R
0.82	299.65	1.00	415.89	478.37	0.92	7	k_5deg_R	k	5deg_R
0.20	289.20	1.38	742.48	384.34	0.88	4	k_5deg_R	k	5deg_R
0.25	286.03	0.68	197.98	442.33	0.98	6	k_5deg_R	k	5deg_R
0.82	359.81	0.45	574.23	833.57	0.94	23	k_5deg_R	k	5deg_R
1.06	288.10	1.03	886.81	330.32	0.94	5	k_5deg_R	k	5deg_R
0.17	346.03	0.81	464.59	865.98	0.92	22	k_5deg_R	k	5deg_R
1.09	331.82	0.31	879.37	691.33	0.92	20	k_5deg_R	k	5deg_R
0.14	317.85	0.58	738.48	898.34	1.00	24	k_5deg_R	k	5deg_R
0.27	280.00	0.59	517.02	596.56	0.96	13	k_5deg_R	k	5deg_R
0.82	278.85	0.54	180.58	922.69	0.90	21	k_5deg_R	k	5deg_R
0.50	298.02	0.88	402.31	296.27	0.98	2	k_5deg_R	k	5deg_R
0.76	293.34	0.68	545.02	771.02	0.98	18	k_5deg_R	k	5deg_R
0.60	294.00	0.55	870.38	583.19	0.96	15	k_5deg_R	k	5deg_R
0.30	533.84	1.11	148.64	646.72	1.00	17	k_5deg_R	k	5deg_R
0.16	370.91	0.38	728.76	654.69	0.98	19	k_5deg_R	k	5deg_R
0.57	271.90	1.01	672.26	502.39	0.92	9	k_5deg_R	k	5deg_R
0.49	320.69	1.11	309.78	617.18	0.90	11	k_5deg_R	k	5deg_R
0.95	298.68	0.56	211.77	249.10	0.96	1	k_5deg_R	k	5deg_R
0.55	421.99	0.57	878.12	749.12	0.98	25	k_10deg_L	k	10deg_L
0.48	383.19	0.77	951.15	282.85	0.96	10	k_10deg_L	k	10deg_L
1.36	237.69	1.31	216.20	851.88	0.98	17	k_10deg_L	k	10deg_L
0.28	360.32	0.54	923.41	666.16	0.98	20	k_10deg_L	k	10deg_L
0.63	187.05	2.58	240.59	886.05	0.88	24	k_10deg_L	k	10deg_L
1.19	302.47	0.38	367.02	552.94	0.98	12	k_10deg_L	k	10deg_L
1.26	246.49	2.10	193.68	1154.30	0.88	22	k_10deg_L	k	10deg_L
0.73	327.98	0.70	932.90	562.27	0.98	15	k_10deg_L	k	10deg_L
1.82	235.52	2.84	-101.49	1057.18	0.98	16	k_10deg_L	k	10deg_L
0.36	355.99	0.29	715.46	170.08	0.96	4	k_10deg_L	k	10deg_L
1.02	357.38	0.58	763.82	337.78	0.98	9	k_10deg_L	k	10deg_L
0.29	401.11	0.44	721.47	452.17	0.94	14	k_10deg_L	k	10deg_L
0.70	293.79	0.58	538.96	588.39	0.98	13	k_10deg_L	k	10deg_L
0.98	332.22	0.27	205.92	187.35	0.98	1	k_10deg_L	k	10deg_L
0.39	392.73	0.30	541.89	139.74	0.92	3	k_10deg_L	k	10deg_L
1.31	233.96	1.32	36.82	678.47	0.98	11	k_10deg_L	k	10deg_L
1.44	249.15	2.36	26.82	700.61	0.98	6	k_10deg_L	k	10deg_L
1.70	219.34	3.23	-249.24	1174.24	1.00	21	k_10deg_L	k	10deg_L
0.20	323.06	0.65	919.88	231.73	0.98	5	k_10deg_L	k	10deg_L
0.34	355.05	0.45	408.02	339.80	0.98	7	k_10deg_L	k	10deg_L
1.45	518.56	0.75	383.44	787.56	0.96	23	k_10deg_L	k	10deg_L
0.34	338.29	0.72	612.14	377.98	0.98	8	k_10deg_L	k	10deg_L
1.33	496.67	0.36	623.04	625.51	0.94	19	k_10deg_L	k	10deg_L
1.48	235.71	1.25	216.17	338.50	0.96	2	k_10deg_L	k	10deg_L
0.83	387.51	0.78	614.94	606.81	0.94	18	k_10deg_L	k	10deg_L
0.25	275.04	1.51	355.50	751.40	1.00	12	k_10deg_R	k	10deg_R
0.26	264.68	1.67	807.59	443.31	0.98	5	k_10deg_R	k	10deg_R
0.60	261.35	1.67	124.78	1108.59	1.02	21	k_10deg_R	k	10deg_R
0.36	270.28	1.32	501.08	386.38	0.96	3	k_10deg_R	k	10deg_R
0.31	271.03	1.42	170.92	569.82	1.00	6	k_10deg_R	k	10deg_R
0.46	266.36	1.39	818.62	564.73	0.96	10	k_10deg_R	k	10deg_R
0.55	272.04	1.83	510.85	1137.30	0.94	23	k_10deg_R	k	10deg_R
2.07	364.30	1.78	628.48	644.45	0.88	17	k_10deg_R	k	10deg_R
1.79	262.78	1.96	625.69	823.62	0.84	14	k_10deg_R	k	10deg_R
0.33	258.85	1.26	126.16	372.10	0.98	1	k_10deg_R	k	10deg_R
1.30	249.92	3.39	639.06	1198.02	0.96	20	k_10deg_R	k	10deg_R
0.74	252.45	2.25	553.69	523.88	0.98	4	k_10deg_R	k	10deg_R
0.83	266.42	1.96	479.62	658.80	1.00	8	k_10deg_R	k	10deg_R
0.45	266.10	2.32	640.37	1219.04	0.98	24	k_10deg_R	k	10deg_R
0.77	262.38	1.42	301.92	568.22	0.98	7	k_10deg_R	k	10deg_R
0.34	272.51	2.36	850.52	892.70	1.00	15	k_10deg_R	k	10deg_R
0.80	252.45	2.12	560.12	670.12	0.98	9	k_10deg_R	k	10deg_R
0.61	263.70	1.48	306.32	411.24	1.00	2	k_10deg_R	k	10deg_R
0.37	261.97	2.10	617.86	1012.51	0.98	19	k_10deg_R	k	10deg_R
0.23	264.08	1.90	467.26	982.22	1.00	18	k_10deg_R	k	10deg_R
0.92	259.86	1.93	443.44	816.23	0.96	13	k_10deg_R	k	10deg_R
0.32	269.02	2.18	327.15	1196.66	0.94	22	k_10deg_R	k	10deg_R
1.11	283.18	1.28	215.10	706.92	0.96	11	k_10deg_R	k	10deg_R
0.91	268.38	2.03	157.11	1005.38	0.90	16	k_10deg_R	k	10deg_R
0.39	269.28	1.90	829.33	1150.61	0.98	25	k_10deg_R	k	10deg_R
1.66	510.91	0.91	367.88	426.50	0.96	13	k_15deg_L	k	15deg_L
2.52	180.97	1.21	-35.07	670.07	0.30	16	k_15deg_L	k	15deg_L
0.79	473.44	0.64	624.52	402.77	0.96	14	k_15deg_L	k	15deg_L
2.20	218.45	1.78	267.96	517.60	0.94	8	k_15deg_L	k	15deg_L
1.68	199.20	1.65	574.12	423.60	0.84	10	k_15deg_L	k	15deg_L
2.17	296.68	1.62	954.75	1074.92	0.80	25	k_15deg_L	k	15deg_L
2.23	283.98	1.11	378.21	846.90	0.96	17	k_15deg_L	k	15deg_L
0.90	230.40	3.06	508.09	1059.81	0.94	20	k_15deg_L	k	15deg_L
1.38	187.64	1.25	127.10	527.67	0.96	12	k_15deg_L	k	15deg_L
1.97	215.09	2.49	-5.64	404.82	0.90	2	k_15deg_L	k	15deg_L
0.89	292.41	1.40	755.87	549.62	0.94	9	k_15deg_L	k	15deg_L
1.23	245.91	1.69	718.11	424.34	0.94	5	k_15deg_L	k	15deg_L
1.13	202.35	1.93	36.12	955.52	1.00	22	k_15deg_L	k	15deg_L
0.53	329.02	0.71	601.94	227.88	0.98	3	k_15deg_L	k	15deg_L
1.03	513.99	3.84	92.18	553.04	1.00	24	k_15deg_L	k	15deg_L
1.89	516.64	0.56	80.52	462.79	0.66	11	k_15deg_L	k	15deg_L
1.29	525.80	1.61	-94.17	267.35	0.92	6	k_15deg_L	k	15deg_L
0.88	244.42	1.23	578.10	351.69	0.98	4	k_15deg_L	k	15deg_L
0.87	487.43	1.14	384.22	515.41	0.98	18	k_15deg_L	k	15deg_L
1.54	293.36	0.59	872.35	590.35	0.86	15	k_15deg_L	k	15deg_L
1.37	283.03	0.48	351.45	411.64	0.88	7	k_15deg_L	k	15deg_L
1.47	216.52	2.22	369.41	886.77	0.88	19	k_15deg_L	k	15deg_L
1.30	307.93	1.22	625.26	994.08	1.00	23	k_15deg_L	k	15deg_L
2.13	310.99	2.06	391.84	425.79	0.86	1	k_15deg_L	k	15deg_L
1.67	494.61	2.36	-109.74	553.17	0.94	21	k_15deg_L	k	15deg_L
1.03	285.56	0.61	527.26	764.60	0.84	18	k_15deg_R	k	15deg_R
1.93	311.21	1.52	666.54	690.15	0.92	13	k_15deg_R	k	15deg_R
0.28	246.41	1.21	86.06	517.89	0.94	6	k_15deg_R	k	15deg_R
1.21	326.21	2.17	1133.32	867.42	0.62	20	k_15deg_R	k	15deg_R
0.15	254.87	0.89	127.90	643.36	1.00	11	k_15deg_R	k	15deg_R
1.40	284.53	1.54	730.88	747.71	0.82	14	k_15deg_R	k	15deg_R
1.66	340.89	3.17	1165.53	839.47	0.68	19	k_15deg_R	k	15deg_R
1.83	326.07	1.72	738.04	993.45	0.98	23	k_15deg_R	k	15deg_R
0.48	236.16	1.22	553.22	502.51	0.98	9	k_15deg_R	k	15deg_R
0.50	259.71	1.32	460.71	549.71	0.96	8	k_15deg_R	k	15deg_R
0.73	243.50	0.77	276.00	448.34	0.88	7	k_15deg_R	k	15deg_R
0.35	233.30	1.08	558.82	311.35	0.98	4	k_15deg_R	k	15deg_R
1.12	236.05	0.40	295.96	722.18	0.98	17	k_15deg_R	k	15deg_R
0.65	267.84	0.80	161.64	799.92	1.00	16	k_15deg_R	k	15deg_R
0.30	256.50	0.86	299.71	306.77	0.96	2	k_15deg_R	k	15deg_R
0.67	245.86	0.68	120.24	270.26	0.92	1	k_15deg_R	k	15deg_R
1.04	290.70	1.08	396.82	1001.37	0.98	22	k_15deg_R	k	15deg_R
0.30	235.33	0.79	758.74	441.16	0.86	10	k_15deg_R	k	15deg_R
0.40	265.15	0.70	490.12	283.00	1.00	3	k_15deg_R	k	15deg_R
0.20	256.09	1.81	94.04	1126.54	0.96	21	k_15deg_R	k	15deg_R
0.45	283.46	0.85	366.43	638.22	0.98	12	k_15deg_R	k	15deg_R
0.57	248.40	0.87	779.80	968.57	0.98	25	k_15deg_R	k	15deg_R
0.56	251.71	0.75	627.44	952.04	0.96	24	k_15deg_R	k	15deg_R
1.45	287.78	1.39	904.12	720.76	1.00	15	k_15deg_R	k	15deg_R
0.43	216.68	0.60	753.00	226.50	0.80	5	k_15deg_R	k	15deg_R
0.20	266.99	1.85	817.13	474.48	0.92	5	j_0deg	j	0deg
0.90	265.34	1.03	652.68	838.27	0.88	19	j_0deg	j	0deg
0.24	266.22	0.84	490.71	640.52	0.96	13	j_0deg	j	0deg
0.17	260.78	1.23	133.87	1035.40	0.94	21	j_0deg	j	0deg
0.31	250.02	1.39	587.44	1051.22	1.00	24	j_0deg	j	0deg
0.19	258.41	1.01	466.16	998.32	1.00	23	j_0deg	j	0deg
0.12	274.51	1.41	351.83	567.96	0.92	7	j_0deg	j	0deg
0.12	249.17	1.36	752.63	1045.43	0.98	25	j_0deg	j	0deg
0.13	265.93	1.11	486.86	851.36	1.00	18	j_0deg	j	0deg
0.10	266.49	1.25	820.60	874.38	1.00	20	j_0deg	j	0deg
0.17	270.06	1.95	167.00	492.20	1.00	1	j_0deg	j	0deg
0.88	282.02	1.05	369.75	671.08	0.96	12	j_0deg	j	0deg
0.92	259.28	1.20	296.23	1029.25	0.96	22	j_0deg	j	0deg
0.37	268.48	1.63	659.48	771.56	1.00	14	j_0deg	j	0deg
0.75	269.35	1.38	164.07	729.33	0.92	11	j_0deg	j	0deg
0.31	261.97	1.28	803.60	710.72	1.00	15	j_0deg	j	0deg
0.16	278.34	1.66	373.38	439.88	1.00	2	j_0deg	j	0deg
0.09	269.59	1.29	165.14	882.08	0.98	16	j_0deg	j	0deg
0.15	272.48	1.64	511.81	606.55	0.84	8	j_0deg	j	0deg
0.48	271.67	1.74	675.14	457.10	1.00	4	j_0deg	j	0deg
0.48	261.60	1.41	632.36	565.52	1.00	9	j_0deg	j	0deg
0.11	263.02	1.48	803.43	577.51	0.98	10	j_0deg	j	0deg
0.56	266.51	1.91	480.63	484.58	0.86	3	j_0deg	j	0deg
0.23	277.56	1.47	198.88	575.96	1.00	6	j_0deg	j	0deg
0.36	252.16	1.73	244.76	941.90	0.98	17	j_0deg	j	0deg
0.14	300.61	0.96	748.48	638.27	0.96	14	j_5deg_L	j	5deg_L
0.16	311.10	1.01	943.49	459.61	0.98	10	j_5deg_L	j	5deg_L
0.86	255.07	0.29	321.04	879.43	0.92	22	j_5deg_L	j	5deg_L
0.13	295.88	0.47	200.88	903.85	0.96	21	j_5deg_L	j	5deg_L
0.88	287.68	0.95	214.56	816.91	0.90	16	j_5deg_L	j	5deg_L
0.15	313.61	1.07	622.91	629.04	0.92	13	j_5deg_L	j	5deg_L
0.48	294.67	0.78	387.58	284.79	0.96	2	j_5deg_L	j	5deg_L
0.60	294.10	0.98	399.71	648.42	0.96	12	j_5deg_L	j	5deg_L
0.21	306.07	0.89	754.08	953.35	0.98	24	j_5deg_L	j	5deg_L
0.16	296.36	1.17	586.33	340.90	0.96	3	j_5deg_L	j	5deg_L
0.10	373.54	0.30	881.24	821.80	1.00	25	j_5deg_L	j	5deg_L
0.13	306.88	1.04	770.78	305.46	0.92	4	j_5deg_L	j	5deg_L
0.52	294.61	1.21	917.00	349.36	0.94	5	j_5deg_L	j	5deg_L
0.37	312.70	1.11	792.31	469.49	0.98	9	j_5deg_L	j	5deg_L
0.14	310.67	1.25	301.92	324.08	1.00	1	j_5deg_L	j	5deg_L
1.08	295.24	0.74	552.47	777.96	0.90	18	j_5deg_L	j	5deg_L
0.11	284.09	0.92	370.59	481.80	0.98	7	j_5deg_L	j	5deg_L
0.09	298.56	0.84	233.71	623.18	0.98	11	j_5deg_L	j	5deg_L
0.84	300.16	0.72	893.82	604.10	0.98	15	j_5deg_L	j	5deg_L
0.79	304.27	0.55	552.04	909.69	0.98	23	j_5deg_L	j	5deg_L
0.56	296.33	0.58	876.19	753.27	0.96	20	j_5deg_L	j	5deg_L
0.46	291.23	1.37	582.58	545.88	0.96	8	j_5deg_L	j	5deg_L
0.67	280.38	1.15	201.30	522.40	1.00	6	j_5deg_L	j	5deg_L
0.69	270.77	0.65	668.11	774.48	0.92	19	j_5deg_L	j	5deg_L
0.18	286.07	0.66	363.98	773.08	0.98	17	j_5deg_L	j	5deg_L
0.69	244.65	0.89	103.15	967.38	0.94	21	j_5deg_R	j	5deg_R
0.28	248.94	0.76	287.74	785.10	1.00	17	j_5deg_R	j	5deg_R
0.17	242.59	1.24	238.31	683.24	0.98	12	j_5deg_R	j	5deg_R
0.72	294.82	0.48	200.47	239.76	0.98	1	j_5deg_R	j	5deg_R
0.20	249.92	0.62	798.11	263.02	0.94	5	j_5deg_R	j	5deg_R
0.23	302.84	0.37	699.82	384.70	1.00	9	j_5deg_R	j	5deg_R
0.13	265.69	0.69	491.33	448.37	0.98	8	j_5deg_R	j	5deg_R
0.15	264.49	1.12	148.74	519.18	1.00	6	j_5deg_R	j	5deg_R
0.46	268.32	0.46	664.42	576.56	1.00	14	j_5deg_R	j	5deg_R
0.08	247.72	1.40	411.68	882.26	1.00	18	j_5deg_R	j	5deg_R
0.84	256.23	0.94	129.37	652.22	0.92	11	j_5deg_R	j	5deg_R
0.61	247.57	0.82	781.29	626.06	0.98	15	j_5deg_R	j	5deg_R
0.23	274.54	0.66	842.04	443.10	1.00	10	j_5deg_R	j	5deg_R
0.18	264.87	1.41	312.30	1067.72	1.00	22	j_5deg_R	j	5deg_R
0.08	243.95	1.00	593.69	982.61	0.98	24	j_5deg_R	j	5deg_R
0.07	269.49	0.81	832.14	801.20	1.00	20	j_5deg_R	j	5deg_R
1.06	324.87	1.51	1039.74	978.56	1.00	25	j_5deg_R	j	5deg_R
0.26	249.84	1.40	586.32	885.57	0.94	19	j_5deg_R	j	5deg_R
0.09	260.78	1.38	129.90	893.06	0.98	16	j_5deg_R	j	5deg_R
0.18	244.24	1.22	411.66	1016.36	1.00	23	j_5deg_R	j	5deg_R
0.14	280.06	1.01	529.36	332.18	1.00	3	j_5deg_R	j	5deg_R
0.31	268.56	0.74	496.90	623.16	1.00	13	j_5deg_R	j	5deg_R
0.57	276.27	1.21	355.28	366.35	0.92	2	j_5deg_R	j	5deg_R
0.15	272.90	0.80	673.38	299.30	0.94	4	j_5deg_R	j	5deg_R
0.27	270.34	0.98	334.31	496.51	0.98	7	j_5deg_R	j	5deg_R
0.38	324.37	1.04	640.76	767.54	1.00	18	j_10deg_L	j	10deg_L
0.11	318.06	0.60	908.22	733.96	1.00	20	j_10deg_L	j	10deg_L
0.28	323.67	1.13	651.92	611.72	1.00	13	j_10deg_L	j	10deg_L
0.11	332.93	1.05	322.42	579.60	1.00	11	j_10deg_L	j	10deg_L
0.16	322.16	1.16	653.20	452.34	1.00	8	j_10deg_L	j	10deg_L
0.12	323.12	1.08	811.30	608.50	1.00	14	j_10deg_L	j	10deg_L
0.15	312.22	1.59	344.60	529.40	1.00	6	j_10deg_L	j	10deg_L
0.12	311.10	1.61	342.84	368.61	0.98	1	j_10deg_L	j	10deg_L
0.17	339.23	1.13	510.12	733.70	1.00	17	j_10deg_L	j	10deg_L
0.17	316.06	1.46	508.20	335.18	1.00	2	j_10deg_L	j	10deg_L
0.16	309.71	1.57	666.82	367.56	1.00	3	j_10deg_L	j	10deg_L
0.14	319.43	0.95	786.54	435.96	1.00	9	j_10deg_L	j	10deg_L
0.15	335.47	0.94	809.62	898.58	1.00	24	j_10deg_L	j	10deg_L
0.15	316.41	0.85	935.76	930.84	1.00	25	j_10deg_L	j	10deg_L
0.16	316.44	1.03	291.00	784.90	1.00	16	j_10deg_L	j	10deg_L
0.20	330.76	1.09	491.20	588.36	1.00	12	j_10deg_L	j	10deg_L
0.20	296.70	1.65	790.56	412.96	0.96	4	j_10deg_L	j	10deg_L
0.10	317.36	1.27	988.55	476.24	0.98	10	j_10deg_L	j	10deg_L
0.10	321.17	1.02	965.46	606.34	1.00	15	j_10deg_L	j	10deg_L
0.51	295.92	1.05	742.98	823.72	1.00	19	j_10deg_L	j	10deg_L
0.13	339.03	0.97	484.66	891.32	1.00	22	j_10deg_L	j	10deg_L
0.07	301.81	1.41	957.46	366.82	1.00	5	j_10deg_L	j	10deg_L
0.15	324.83	1.26	505.38	454.58	1.00	7	j_10deg_L	j	10deg_L
0.14	322.47	0.86	279.94	920.34	1.00	21	j_10deg_L	j	10deg_L
0.17	337.23	0.84	629.18	887.56	1.00	23	j_10deg_L	j	10deg_L
1.12	234.40	1.41	29.66	358.05	0.82	1	j_10deg_R	j	10deg_R
1.00	216.43	0.73	69.40	905.12	0.86	21	j_10deg_R	j	10deg_R
0.48	214.23	1.05	188.41	598.59	0.92	12	j_10deg_R	j	10deg_R
0.21	228.70	1.39	347.49	340.28	0.94	3	j_10deg_R	j	10deg_R
0.71	234.45	0.67	435.00	590.96	0.92	13	j_10deg_R	j	10deg_R
0.70	213.39	0.43	772.92	873.16	1.00	25	j_10deg_R	j	10deg_R
0.56	222.26	0.66	251.49	741.02	0.86	17	j_10deg_R	j	10deg_R
0.82	219.23	0.69	411.11	739.24	0.90	18	j_10deg_R	j	10deg_R
1.70	308.24	0.85	753.84	943.96	0.98	24	j_10deg_R	j	10deg_R
1.12	242.15	0.53	125.66	577.61	0.82	11	j_10deg_R	j	10deg_R
0.91	538.74	0.34	276.40	832.08	0.96	22	j_10deg_R	j	10deg_R
0.71	200.79	0.92	689.50	721.28	1.00	20	j_10deg_R	j	10deg_R
0.47	208.48	0.44	769.46	201.32	0.82	5	j_10deg_R	j	10deg_R
0.87	207.94	0.91	365.79	404.50	0.68	8	j_10deg_R	j	10deg_R
0.98	224.47	0.11	153.39	346.37	0.82	6	j_10deg_R	j	10deg_R
0.85	239.20	0.54	453.88	910.71	0.98	23	j_10deg_R	j	10deg_R
0.99	192.08	0.62	566.39	688.12	0.82	19	j_10deg_R	j	10deg_R
0.52	262.98	0.29	327.43	381.32	0.94	7	j_10deg_R	j	10deg_R
0.20	249.47	1.13	267.09	343.60	0.94	2	j_10deg_R	j	10deg_R
0.29	196.66	0.36	109.36	683.82	1.00	16	j_10deg_R	j	10deg_R
0.57	531.16	0.51	748.77	320.18	0.88	10	j_10deg_R	j	10deg_R
0.14	226.09	0.95	723.00	614.62	1.00	15	j_10deg_R	j	10deg_R
0.55	237.51	0.95	581.93	466.37	0.86	9	j_10deg_R	j	10deg_R
0.46	234.26	0.96	573.21	296.55	0.94	4	j_10deg_R	j	10deg_R
0.11	231.15	0.97	564.95	626.28	0.86	14	j_10deg_R	j	10deg_R
0.85	324.40	1.32	345.08	627.76	0.98	11	j_15deg_L	j	15deg_L
0.36	402.42	0.39	380.72	456.70	1.00	12	j_15deg_L	j	15deg_L
0.14	403.12	0.50	393.60	276.90	1.00	7	j_15deg_L	j	15deg_L
0.15	313.54	0.88	934.16	272.76	1.00	5	j_15deg_L	j	15deg_L
0.09	392.07	0.57	247.80	282.50	1.00	6	j_15deg_L	j	15deg_L
0.11	324.32	0.47	730.30	879.02	1.00	24	j_15deg_L	j	15deg_L
0.52	392.26	0.17	523.64	485.08	1.00	13	j_15deg_L	j	15deg_L
0.11	311.11	1.02	278.78	295.14	1.00	1	j_15deg_L	j	15deg_L
0.12	367.76	0.21	534.46	328.64	1.00	8	j_15deg_L	j	15deg_L
0.08	401.10	0.27	700.42	470.56	1.00	14	j_15deg_L	j	15deg_L
0.11	285.03	0.01	333.78	834.98	0.98	22	j_15deg_L	j	15deg_L
0.12	349.09	0.40	732.10	345.94	1.00	9	j_15deg_L	j	15deg_L
0.12	374.25	0.46	907.06	647.94	0.98	20	j_15deg_L	j	15deg_L
0.16	373.52	0.25	540.46	823.60	0.96	23	j_15deg_L	j	15deg_L
0.35	310.64	1.18	461.24	315.70	1.00	2	j_15deg_L	j	15deg_L
0.07	343.47	0.09	513.66	670.72	1.00	18	j_15deg_L	j	15deg_L
0.16	300.46	1.10	593.33	325.37	0.98	3	j_15deg_L	j	15deg_L
0.10	392.80	0.41	723.66	629.94	1.00	19	j_15deg_L	j	15deg_L
0.27	311.67	1.00	277.44	957.80	1.00	21	j_15deg_L	j	15deg_L
0.37	340.82	0.16	358.96	675.58	1.00	17	j_15deg_L	j	15deg_L
0.10	371.91	0.41	899.82	485.98	1.00	15	j_15deg_L	j	15deg_L
0.12	340.09	0.40	896.43	856.18	0.98	25	j_15deg_L	j	15deg_L
0.12	313.80	0.40	212.38	714.34	1.00	16	j_15deg_L	j	15deg_L
0.21	298.42	1.00	912.82	480.24	1.00	10	j_15deg_L	j	15deg_L
0.24	306.58	0.87	753.38	283.50	1.00	4	j_15deg_L	j	15deg_L
2.06	298.39	2.27	679.77	499.27	0.44	3	j_15deg_R	j	15deg_R
1.39	274.79	1.55	354.91	424.42	0.90	2	j_15deg_R	j	15deg_R
0.43	260.49	1.55	290.67	588.10	0.96	7	j_15deg_R	j	15deg_R
1.88	308.93	2.19	896.23	617.48	0.96	9	j_15deg_R	j	15deg_R
3.07	311.98	1.65	1017.04	537.48	0.54	10	j_15deg_R	j	15deg_R
0.91	255.92	1.29	614.20	1042.59	0.92	24	j_15deg_R	j	15deg_R
0.46	342.73	1.76	446.90	753.78	0.98	16	j_15deg_R	j	15deg_R
0.84	262.67	0.62	320.13	935.93	0.90	22	j_15deg_R	j	15deg_R
1.05	337.78	3.23	1331.08	1036.62	1.00	25	j_15deg_R	j	15deg_R
1.36	309.37	2.65	613.64	841.66	0.94	12	j_15deg_R	j	15deg_R
1.31	508.44	0.80	385.72	429.81	0.94	13	j_15deg_R	j	15deg_R
0.82	193.37	0.33	112.80	346.14	1.02	6	j_15deg_R	j	15deg_R
1.34	295.04	1.25	754.72	688.50	0.92	14	j_15deg_R	j	15deg_R
1.56	227.70	1.52	662.74	854.17	0.84	20	j_15deg_R	j	15deg_R
1.47	302.23	1.87	332.73	763.42	0.80	11	j_15deg_R	j	15deg_R
0.72	247.66	1.68	60.12	425.96	1.00	1	j_15deg_R	j	15deg_R
0.76	235.70	1.20	387.35	998.46	0.96	23	j_15deg_R	j	15deg_R
0.67	196.32	0.47	424.86	355.34	1.00	8	j_15deg_R	j	15deg_R
1.77	482.08	0.37	134.22	781.56	1.00	21	j_15deg_R	j	15deg_R
0.29	195.87	0.25	460.62	677.86	1.00	18	j_15deg_R	j	15deg_R
0.65	205.13	0.47	595.27	700.16	0.98	19	j_15deg_R	j	15deg_R
0.14	247.38	0.38	309.26	724.44	1.00	17	j_15deg_R	j	15deg_R
0.61	190.72	0.20	633.44	172.96	0.96	4	j_15deg_R	j	15deg_R
1.57	318.37	1.20	982.47	299.22	0.98	5	j_15deg_R	j	15deg_R
1.36	277.16	0.47	843.02	577.16	1.00	15	j_15deg_R	j	15deg_R
