trial	ptIdx	percentValid	centX	centY	centDist	centAngle	RMS	subj	glasses	dist	offset
1	15	1.9830	872.5130	456.4240	0.6830	408.0410	0.1130	101	Pupil Labs	1M	0deg
2	21	1.9920	178.4140	736.6650	1.1350	443.0710	0.0740	101	Pupil Labs	1M	0deg
3	3	1.9830	529.4830	128.2520	0.5640	412.4940	0.1140	101	Pupil Labs	1M	0deg
4	13	1.9750	537.0170	401.5700	1.2260	429.3900	0.1230	101	Pupil Labs	1M	0deg
5	25	1.9830	862.0710	709.5130	1.4810	436.9330	0.0870	101	Pupil Labs	1M	0deg
6	5	1.9830	871.8070	74.8990	1.1600	427.2540	0.0870	101	Pupil Labs	1M	0deg
7	1	1.9830	183.3950	78.2560	1.0490	439.2860	0.0850	101	Pupil Labs	1M	0deg
8	23	1.9920	500.6110	682.5100	1.7580	449.7680	0.0800	101	Pupil Labs	1M	0deg
9	11	1.9830	146.5550	442.0420	0.7150	469.1370	0.2030	101	Pupil Labs	1M	0deg
1	25	1.9830	838.9200	755.5000	0.9090	445.8940	0.1520	101	Pupil Labs	1M	10Ldeg
2	21	1.9830	86.1510	839.9330	0.9420	184.6860	0.1810	101	Pupil Labs	1M	10Ldeg
3	13	1.9830	491.9870	466.3870	0.4030	463.4080	0.0870	101	Pupil Labs	1M	10Ldeg
4	5	1.9830	879.0630	22.8400	1.7590	432.3620	0.1550	101	Pupil Labs	1M	10Ldeg
5	3	1.9830	472.9450	26.7860	1.6610	460.9470	0.1880	101	Pupil Labs	1M	10Ldeg
6	23	1.9830	467.6430	837.5040	0.3800	187.3450	0.1410	101	Pupil Labs	1M	10Ldeg
7	15	1.9830	905.0670	431.8400	1.1530	403.5360	0.1980	101	Pupil Labs	1M	10Ldeg
8	11	1.9830	24.3400	475.3990	1.6830	530.1930	0.1570	101	Pupil Labs	1M	10Ldeg
9	1	1.9830	-13.2730	48.5760	2.5090	506.7240	0.1750	101	Pupil Labs	1M	10Ldeg
1	1	1.9830	254.9960	156.8280	1.0360	366.3560	0.1790	101	Pupil Labs	1M	10Rdeg
2	5	1.9920	911.3600	167.7700	0.9090	359.1900	0.1110	101	Pupil Labs	1M	10Rdeg
3	11	1.9830	270.2230	450.3820	1.3380	385.6010	0.0830	101	Pupil Labs	1M	10Rdeg
4	15	1.9830	934.2180	404.7060	1.6170	403.3680	0.0910	101	Pupil Labs	1M	10Rdeg
5	13	1.9830	615.8660	397.5000	1.8030	401.4970	0.1250	101	Pupil Labs	1M	10Rdeg
6	3	1.9830	595.0800	94.6470	1.3900	397.1430	0.0700	101	Pupil Labs	1M	10Rdeg
7	25	1.7080	942.1410	662.6200	2.3590	417.4880	0.2550	101	Pupil Labs	1M	10Rdeg
8	23	1.8330	625.4230	700.1770	2.1320	406.7130	0.1160	101	Pupil Labs	1M	10Rdeg
9	21	1.6170	290.9540	684.0770	2.2640	410.2160	0.1380	101	Pupil Labs	1M	10Rdeg
1	25	1.9830	719.1680	747.9200	0.8330	503.1980	0.1060	101	Pupil Labs	2M	0deg
2	5	1.9830	750.0210	90.2940	0.6600	497.4880	0.0710	101	Pupil Labs	2M	0deg
3	1	1.9920	-23.5520	98.0960	1.1810	520.1770	0.0790	101	Pupil Labs	2M	0deg
4	3	1.9830	360.8110	74.7730	0.9740	506.5670	0.1150	101	Pupil Labs	2M	0deg
5	23	1.9830	316.5760	707.4710	1.2990	505.5430	0.0450	101	Pupil Labs	2M	0deg
6	11	1.9830	-43.2820	357.6430	1.4820	505.8600	0.0560	101	Pupil Labs	2M	0deg
7	13	1.9830	331.0880	357.7610	1.2900	499.8990	0.0730	101	Pupil Labs	2M	0deg
8	15	1.9830	706.0550	345.7770	1.1680	489.5330	0.0810	101	Pupil Labs	2M	0deg
9	21	1.9830	-66.7180	653.3240	1.7220	502.3570	0.0950	101	Pupil Labs	2M	0deg
1	23	1.9830	189.1720	761.3360	1.8640	526.9590	0.0770	101	Pupil Labs	2M	10Ldeg
2	25	1.9830	542.0760	760.6390	1.7530	525.9860	0.0710	101	Pupil Labs	2M	10Ldeg
3	13	1.9830	161.2770	529.5460	1.9860	184.9850	0.0630	101	Pupil Labs	2M	10Ldeg
4	3	1.9920	202.3770	215.3010	1.7620	189.2810	0.1070	101	Pupil Labs	2M	10Ldeg
5	15	1.9830	542.2440	499.4710	1.7000	539.8960	0.0790	101	Pupil Labs	2M	10Ldeg
6	11	1.9830	-166.1010	506.4920	1.9440	181.1180	0.0790	101	Pupil Labs	2M	10Ldeg
7	1	1.9920	-158.5060	226.9040	1.9320	190.4950	0.0990	101	Pupil Labs	2M	10Ldeg
8	5	1.9830	540.9370	187.5460	1.7120	184.0840	0.0800	101	Pupil Labs	2M	10Ldeg
9	21	1.9330	-160.4090	806.2890	1.9170	535.2730	0.2690	101	Pupil Labs	2M	10Ldeg
1	23	1.9830	626.7230	706.3950	1.0480	405.0490	0.1090	101	Pupil Labs	2M	10Rdeg
2	1	1.9830	288.4410	90.3740	0.8390	392.0670	0.0730	101	Pupil Labs	2M	10Rdeg
3	13	1.9830	639.1090	374.6090	1.0940	402.0310	0.1080	101	Pupil Labs	2M	10Rdeg
4	3	1.9750	635.2740	79.5270	0.9400	392.7880	0.0510	101	Pupil Labs	2M	10Rdeg
5	21	1.9830	262.8910	688.8070	1.0140	416.3450	0.0600	101	Pupil Labs	2M	10Rdeg
6	25	1.9830	960.4290	663.1890	1.2400	413.2410	0.0710	101	Pupil Labs	2M	10Rdeg
7	15	1.9830	972.5880	351.6760	1.1880	406.8060	0.0790	101	Pupil Labs	2M	10Rdeg
8	11	1.9830	243.0250	352.6760	0.9690	422.6020	0.0830	101	Pupil Labs	2M	10Rdeg
9	5	1.9830	959.6340	47.1600	1.0160	403.4170	0.0450	101	Pupil Labs	2M	10Rdeg
1	23	1.9830	508.8660	756.5920	0.3010	443.4100	0.0980	101	Pupil Labs	3M	0deg
2	1	1.9830	101.2140	95.3490	0.3770	492.5440	0.0760	101	Pupil Labs	3M	0deg
3	25	1.9830	847.5420	682.6640	0.5900	444.6130	0.0790	101	Pupil Labs	3M	0deg
4	11	1.9830	103.0670	376.6180	0.5410	477.2700	0.0650	101	Pupil Labs	3M	0deg
5	3	1.9830	475.4200	83.9500	0.3360	466.5500	0.1290	101	Pupil Labs	3M	0deg
6	13	1.9830	447.7060	421.3030	0.3680	483.6040	0.0670	101	Pupil Labs	3M	0deg
7	5	1.9830	808.4450	118.0210	0.2130	477.0950	0.1140	101	Pupil Labs	3M	0deg
8	21	1.9830	94.1550	704.4580	0.5760	479.3640	0.0770	101	Pupil Labs	3M	0deg
9	15	1.9830	829.9920	355.7860	0.5620	451.3270	0.0710	101	Pupil Labs	3M	0deg
1	23	1.9580	428.4130	642.0680	0.7960	470.5200	0.3420	101	Pupil Labs	3M	10Ldeg
2	21	1.9830	99.3780	609.0840	0.9120	466.7020	0.0810	101	Pupil Labs	3M	10Ldeg
3	1	1.9830	103.6810	19.1130	0.6250	473.1160	0.0910	101	Pupil Labs	3M	10Ldeg
4	25	1.9830	771.9580	601.4240	0.9350	464.8240	0.1000	101	Pupil Labs	3M	10Ldeg
5	3	1.9830	419.1430	23.9240	0.6390	479.5300	0.0680	101	Pupil Labs	3M	10Ldeg
6	15	1.9830	756.8450	274.1680	0.9290	468.7110	0.1680	101	Pupil Labs	3M	10Ldeg
7	11	1.9920	56.5100	296.2340	0.9020	478.3960	0.0650	101	Pupil Labs	3M	10Ldeg
8	13	1.9830	418.4790	271.0550	0.9470	469.5990	0.0680	101	Pupil Labs	3M	10Ldeg
9	5	1.9830	739.8570	13.2560	0.7000	481.3550	0.1070	101	Pupil Labs	3M	10Ldeg
1	15	1.9830	950.9120	606.5130	0.6180	317.8270	0.0710	101	Pupil Labs	3M	10Rdeg
2	5	1.9830	1034.1340	240.2560	0.8330	339.8730	0.0770	101	Pupil Labs	3M	10Rdeg
3	21	1.0000	341.6000	795.4000	0.6970	372.2350	0.1810	101	Pupil Labs	3M	10Rdeg
4	11	1.9830	125.0800	669.1130	0.6780	256.1840	0.1490	101	Pupil Labs	3M	10Rdeg
5	13	1.9830	528.0840	705.6890	0.8090	277.7750	0.1180	101	Pupil Labs	3M	10Rdeg
6	1	1.9830	160.9410	290.9410	0.4850	267.3620	0.0910	101	Pupil Labs	3M	10Rdeg
7	25	1.9830	906.7770	931.5920	0.4780	306.7760	0.0630	101	Pupil Labs	3M	10Rdeg
8	3	1.9830	565.1760	190.8450	0.2710	339.6470	0.0840	101	Pupil Labs	3M	10Rdeg
9	23	1.9830	481.3530	877.5130	0.1870	247.1170	0.0890	101	Pupil Labs	3M	10Rdeg
1	21	0.9920	205.7900	910.6050	1.0090	296.8530	0.1190	101	SMI	1M	0deg
2	25	1.0000	869.9750	886.3250	0.7510	304.6620	0.1210	101	SMI	1M	0deg
3	15	0.9920	885.6390	563.7560	0.9610	309.3650	0.1760	101	SMI	1M	0deg
4	11	1.0080	223.1320	558.9500	0.9510	313.7670	0.1190	101	SMI	1M	0deg
5	3	1.0080	552.0500	219.3970	0.8640	314.6280	0.1630	101	SMI	1M	0deg
6	5	1.0000	878.7170	194.5250	0.6210	328.4570	0.1240	101	SMI	1M	0deg
7	1	0.9920	221.5460	187.4620	0.6840	339.2470	0.1400	101	SMI	1M	0deg
8	23	1.0080	539.9750	856.1320	0.5360	330.3030	0.2470	101	SMI	1M	0deg
9	13	0.9830	550.0250	537.8220	0.7310	322.9090	0.1460	101	SMI	1M	0deg
1	11	0.9830	223.5510	625.1950	1.6030	294.4350	0.2900	101	SMI	1M	10Ldeg
2	25	1.0000	855.9580	863.5750	0.4400	306.8020	0.2080	101	SMI	1M	10Ldeg
3	3	1.0080	509.6780	184.3720	0.2350	298.6610	0.2220	101	SMI	1M	10Ldeg
4	15	0.9750	856.4620	525.5730	0.4020	312.1270	0.1910	101	SMI	1M	10Ldeg
5	13	1.0080	515.6200	495.8760	0.1880	374.7900	0.1490	101	SMI	1M	10Ldeg
6	1	1.0000	154.6580	119.2080	0.5710	464.1990	0.2040	101	SMI	1M	10Ldeg
7	5	0.9750	826.8120	100.0090	0.7810	455.5880	0.1660	101	SMI	1M	10Ldeg
8	23	1.0080	520.5450	798.4460	0.4720	419.5060	0.1600	101	SMI	1M	10Ldeg
9	21	1.0000	176.5920	799.1170	0.4150	433.8240	0.3310	101	SMI	1M	10Ldeg
1	5	1.0080	867.2890	325.9670	1.8980	282.0330	0.2480	101	SMI	1M	10Rdeg
2	11	0.9830	217.3310	615.4410	1.4690	293.6950	0.1610	101	SMI	1M	10Rdeg
3	21	1.0000	211.3080	963.5580	1.6040	288.9220	0.1810	101	SMI	1M	10Rdeg
4	1	1.0000	220.1250	226.0920	0.9320	311.9740	0.1560	101	SMI	1M	10Rdeg
5	3	0.9670	561.6640	234.2670	1.0660	312.3700	0.1830	101	SMI	1M	10Rdeg
6	15	0.9830	895.1610	599.5510	1.3660	301.8430	0.1740	101	SMI	1M	10Rdeg
7	25	1.0000	901.5670	941.4500	1.4900	302.2560	0.1210	101	SMI	1M	10Rdeg
8	23	1.0000	588.7670	925.7000	1.4930	313.8610	0.1460	101	SMI	1M	10Rdeg
9	13	1.0000	592.9000	592.0750	1.5240	315.2560	0.4580	101	SMI	1M	10Rdeg
1	23	1.0080	504.8100	1050.1570	1.2670	271.2710	0.1260	101	SMI	2M	0deg
2	13	0.9580	532.4000	677.6430	1.0550	280.3360	0.1510	101	SMI	2M	0deg
3	15	1.0080	853.7930	605.4710	0.6280	280.9780	0.0950	101	SMI	2M	0deg
4	25	1.0000	835.0000	907.6500	0.4340	271.2850	0.1540	101	SMI	2M	0deg
5	11	0.9830	222.7030	594.6440	0.6420	300.6290	0.0960	101	SMI	2M	0deg
6	21	1.0000	183.1250	846.8170	0.1240	320.6740	0.0850	101	SMI	2M	0deg
7	5	1.0000	874.8420	247.2250	0.5290	297.2600	0.1080	101	SMI	2M	0deg
8	1	0.9920	223.1430	249.0000	0.5830	304.4480	0.2430	101	SMI	2M	0deg
9	3	1.0080	547.7270	272.2640	0.6770	294.3220	0.1210	101	SMI	2M	0deg
1	5	0.9830	941.9070	573.6950	2.4610	284.9360	0.2400	101	SMI	2M	10Ldeg
2	25	0.9920	851.9580	1109.3360	1.6160	273.8600	0.0940	101	SMI	2M	10Ldeg
3	1	1.0000	203.1920	481.1750	1.8490	276.6240	0.1210	101	SMI	2M	10Ldeg
4	3	0.9920	504.0250	457.0170	1.6960	270.7940	0.1230	101	SMI	2M	10Ldeg
5	21	0.9830	127.6270	1035.2970	1.2020	259.0600	0.1250	101	SMI	2M	10Ldeg
6	11	1.0000	110.6750	704.3250	1.2370	254.6750	0.1010	101	SMI	2M	10Ldeg
7	15	0.9830	766.4150	664.3470	1.0370	247.8450	0.1690	101	SMI	2M	10Ldeg
8	13	0.9920	435.3030	679.4710	1.1140	250.1760	0.1140	101	SMI	2M	10Ldeg
9	23	1.0080	406.4550	987.8600	1.0550	238.8110	0.1160	101	SMI	2M	10Ldeg
1	23	1.0080	607.2310	1060.6860	1.4680	295.2510	0.1120	101	SMI	2M	10Rdeg
2	11	1.0000	359.7420	694.0420	1.5990	314.8570	0.1010	101	SMI	2M	10Rdeg
3	5	0.9920	1095.2770	349.1680	1.8650	325.1340	0.0970	101	SMI	2M	10Rdeg
4	21	1.0080	373.5040	986.2480	1.5020	323.5250	0.0790	101	SMI	2M	10Rdeg
5	1	0.9830	427.3730	325.0340	1.7820	328.7230	0.1220	101	SMI	2M	10Rdeg
6	13	0.9920	753.8820	603.4450	1.6010	337.8310	0.0970	101	SMI	2M	10Rdeg
7	15	1.0000	1093.0670	587.0170	1.6000	341.4780	0.1600	101	SMI	2M	10Rdeg
8	25	0.9920	1042.2940	959.7230	1.4260	328.8320	0.2460	101	SMI	2M	10Rdeg
9	3	0.9920	817.1930	298.8910	2.0070	337.3710	0.1620	101	SMI	2M	10Rdeg
1	23	0.9750	477.2560	1211.1030	1.4740	266.5550	0.1030	101	SMI	3M	0deg
2	5	0.9750	784.2220	535.8120	1.4510	262.4220	0.0930	101	SMI	3M	0deg
3	3	0.9920	486.3450	440.1510	1.0670	267.1420	0.0820	101	SMI	3M	0deg
4	13	0.9830	479.0170	716.5250	0.8470	264.4650	0.0750	101	SMI	3M	0deg
5	25	0.9830	808.5590	974.2460	0.5570	260.0290	0.0870	101	SMI	3M	0deg
6	21	1.0000	143.4420	1008.7670	0.6890	262.4590	0.1310	101	SMI	3M	0deg
7	15	1.0000	796.4170	717.6080	0.8600	260.3720	0.0960	101	SMI	3M	0deg
8	1	1.0000	141.9420	369.0080	0.7940	263.0330	0.1070	101	SMI	3M	0deg
9	11	1.0000	104.6000	667.7580	0.6970	249.6970	0.5590	101	SMI	3M	0deg
1	3	1.0000	509.4170	82.1670	0.3310	443.6410	0.1390	101	SMI	3M	10Ldeg
2	21	0.9920	192.2180	654.2020	0.7050	441.8820	0.1030	101	SMI	3M	10Ldeg
3	5	0.9830	774.9920	53.7800	0.4950	477.3310	0.1010	101	SMI	3M	10Ldeg
4	13	1.0080	449.2150	305.3550	0.7840	464.6230	0.0960	101	SMI	3M	10Ldeg
5	15	1.0000	765.4000	360.1000	0.6060	475.9010	0.1180	101	SMI	3M	10Ldeg
6	23	1.0000	440.8750	658.0750	0.7210	468.6420	0.1180	101	SMI	3M	10Ldeg
7	1	1.0000	72.6580	-117.2830	1.1650	468.3180	0.0830	101	SMI	3M	10Ldeg
8	25	1.0080	735.6610	630.5540	0.8770	475.7190	0.1090	101	SMI	3M	10Ldeg
9	11	0.9830	74.8470	293.7800	0.8790	474.0010	0.0920	101	SMI	3M	10Ldeg
1	13	0.9670	798.5600	755.9480	1.5320	319.3940	0.2450	101	SMI	3M	10Rdeg
2	3	0.9920	880.1430	356.9500	1.6560	333.4090	0.0990	101	SMI	3M	10Rdeg
3	15	0.9830	1214.2030	644.1690	1.5860	339.2670	0.1360	101	SMI	3M	10Rdeg
4	1	0.9920	616.2270	293.0760	1.8190	344.2950	0.1090	101	SMI	3M	10Rdeg
5	21	1.0080	626.6940	900.0910	1.8110	351.7430	0.1050	101	SMI	3M	10Rdeg
6	11	1.0080	736.7020	523.2890	2.2220	357.6600	0.1410	101	SMI	3M	10Rdeg
7	5	0.9920	1481.8740	154.8400	2.5270	361.0450	0.0960	101	SMI	3M	10Rdeg
8	25	1.0000	1435.2000	786.0830	2.3520	364.4890	0.1090	101	SMI	3M	10Rdeg
9	23	0.9920	1116.1180	830.7650	2.4000	360.2390	0.1040	101	SMI	3M	10Rdeg
1	23	1.0000	484.8300	839.2600	0.1900	201.3400	0.1360	101	Tobii	1M	0deg
2	15	1.0000	802.3800	541.2300	0.6010	233.1030	0.2390	101	Tobii	1M	0deg
3	5	1.0000	837.4700	263.9700	1.1350	272.4340	0.1230	101	Tobii	1M	0deg
4	3	1.0000	511.9000	259.4400	1.0900	277.3090	0.1250	101	Tobii	1M	0deg
5	1	1.0000	164.3500	255.9800	1.0410	268.5140	0.1450	101	Tobii	1M	0deg
6	13	1.0000	482.0300	525.1900	0.3610	234.4970	0.0880	101	Tobii	1M	0deg
7	11	1.0000	166.8200	580.2100	0.9350	270.1100	0.1490	101	Tobii	1M	0deg
8	25	1.0000	776.8000	874.7700	0.8170	216.2400	0.1440	101	Tobii	1M	0deg
9	21	1.0000	168.8500	874.7000	0.4830	273.0210	0.1780	101	Tobii	1M	0deg
1	3	1.0000	506.8700	245.7600	0.9250	274.9640	0.2170	101	Tobii	1M	10Ldeg
2	23	1.0000	485.8300	862.2000	0.3750	243.8550	0.2050	101	Tobii	1M	10Ldeg
3	25	1.0000	823.7400	843.6100	0.1640	226.9700	0.1400	101	Tobii	1M	10Ldeg
4	5	1.0000	846.9600	266.0900	1.1700	277.8040	0.1590	101	Tobii	1M	10Ldeg
5	13	1.0000	515.0500	590.8200	1.0730	279.4090	0.2530	101	Tobii	1M	10Ldeg
6	15	1.0000	843.6300	588.4100	1.0370	276.6430	0.1110	101	Tobii	1M	10Ldeg
7	21	1.0000	155.5400	913.9600	0.9490	262.1430	0.2530	101	Tobii	1M	10Ldeg
8	11	1.0000	152.7700	561.4900	0.7350	257.2650	0.2450	101	Tobii	1M	10Ldeg
9	1	1.0000	114.4900	212.6800	0.8110	221.4080	0.1950	101	Tobii	1M	10Ldeg
1	25	1.0000	1129.2200	781.4400	3.5010	369.9480	1.7450	101	Tobii	1M	10Rdeg
2	13	1.0000	502.1100	576.7300	0.8950	271.5750	0.2220	101	Tobii	1M	10Rdeg
3	1	0.9500	388.8740	144.1370	2.6030	365.7890	2.0210	101	Tobii	1M	10Rdeg
4	21	1.0000	156.3900	849.4900	0.2230	237.5410	0.2450	101	Tobii	1M	10Rdeg
5	15	1.0000	907.5000	568.4000	1.1760	317.3160	0.3300	101	Tobii	1M	10Rdeg
6	5	0.9600	866.3440	87.7810	0.9970	427.2930	1.5750	101	Tobii	1M	10Rdeg
7	3	1.0000	534.7500	185.6500	0.4620	331.3530	0.1420	101	Tobii	1M	10Rdeg
8	11	1.0100	132.9700	567.6340	0.8810	243.5170	0.1480	101	Tobii	1M	10Rdeg
9	23	1.0000	489.8900	909.9400	0.9010	262.4820	0.1860	101	Tobii	1M	10Rdeg
1	25	1.0000	803.8100	957.5700	0.7460	256.6320	0.1950	101	Tobii	2M	0deg
2	5	1.0000	843.4500	508.5000	1.9980	271.6950	0.1760	101	Tobii	2M	0deg
3	15	0.9600	847.3120	759.0520	1.5150	273.0890	0.0820	101	Tobii	2M	0deg
4	13	1.0000	525.7300	752.4500	1.4820	275.8200	0.1440	101	Tobii	2M	0deg
5	21	1.0000	155.0400	1094.5300	1.5270	267.4510	0.0910	101	Tobii	2M	0deg
6	11	1.0000	192.0200	778.8200	1.6350	275.1960	0.1550	101	Tobii	2M	0deg
7	1	1.0000	210.0900	461.4200	1.7400	278.3810	0.1350	101	Tobii	2M	0deg
8	23	1.0000	498.4400	1096.2200	1.5360	269.6600	0.1910	101	Tobii	2M	0deg
9	3	1.0000	567.9500	519.0400	2.0960	280.9150	0.1210	101	Tobii	2M	0deg
1	15	1.0000	903.1400	660.0500	1.0200	293.5650	0.1620	101	Tobii	2M	10Ldeg
2	1	1.0000	274.2200	379.2700	1.3920	296.8340	0.1920	101	Tobii	2M	10Ldeg
3	13	1.0000	559.5600	664.7600	1.0230	289.8750	0.1590	101	Tobii	2M	10Ldeg
4	3	1.0000	604.8900	419.6600	1.6000	292.5190	0.1200	101	Tobii	2M	10Ldeg
5	5	1.0000	914.3300	518.7200	2.1100	282.9570	0.1000	101	Tobii	2M	10Ldeg
6	25	1.0000	873.2800	955.0900	0.7480	288.1640	0.1060	101	Tobii	2M	10Ldeg
7	23	1.0000	564.6000	956.0300	0.8100	297.7670	0.1180	101	Tobii	2M	10Ldeg
8	21	1.0000	223.1800	940.2100	0.7060	297.8690	0.1250	101	Tobii	2M	10Ldeg
9	11	1.0000	242.0000	679.1200	1.1350	292.8100	0.1170	101	Tobii	2M	10Ldeg
1	1	1.0000	107.0100	485.2800	1.8930	259.3950	0.1890	101	Tobii	2M	10Rdeg
2	23	1.0000	463.7000	1028.5600	1.1600	259.4670	0.1380	101	Tobii	2M	10Rdeg
3	5	1.0000	745.3700	445.8300	1.7100	252.5110	0.5130	101	Tobii	2M	10Rdeg
4	11	1.0000	59.9800	781.2200	1.7570	249.2250	0.3320	101	Tobii	2M	10Rdeg
5	21	1.0000	160.2600	1031.7900	1.1600	268.1510	0.1320	101	Tobii	2M	10Rdeg
6	15	1.0000	1115.4400	666.0200	1.9120	329.5230	1.4230	101	Tobii	2M	10Rdeg
7	3	1.0000	435.0600	504.3500	2.0090	259.1140	0.1240	101	Tobii	2M	10Rdeg
8	25	1.0000	839.2000	1025.5900	1.1240	271.7480	0.2830	101	Tobii	2M	10Rdeg
9	13	0.9900	587.8590	880.3030	2.2800	283.0080	0.9720	101	Tobii	2M	10Rdeg
1	1	1.0000	311.4000	983.6500	3.2320	280.0460	0.1400	101	Tobii	3M	0deg
2	23	1.0000	501.1800	1562.3900	2.8400	270.0930	0.3100	101	Tobii	3M	0deg
3	25	1.0000	839.6300	1442.6500	2.3740	270.5920	0.1220	101	Tobii	3M	0deg
4	5	0.9800	863.7040	728.9080	2.1930	273.0920	0.2910	101	Tobii	3M	0deg
5	3	1.0000	508.0800	741.1500	2.2380	270.8060	0.1490	101	Tobii	3M	0deg
6	21	1.0000	214.8100	1470.8100	2.4900	274.3190	0.1670	101	Tobii	3M	0deg
7	11	1.0000	254.8600	1319.8100	3.2120	276.1400	0.1150	101	Tobii	3M	0deg
8	15	1.0000	864.7500	1095.5300	2.3230	273.0200	0.1010	101	Tobii	3M	0deg
9	13	0.9800	504.5000	1206.8570	2.7540	270.3650	0.1210	101	Tobii	3M	0deg
1	13	1.0000	653.0300	945.4400	1.8350	288.9600	0.0740	101	Tobii	3M	10Ldeg
2	15	1.0000	928.2700	1035.6200	2.1190	280.0510	0.1310	101	Tobii	3M	10Ldeg
3	5	1.0000	917.8700	730.9800	2.2230	278.5200	0.1140	101	Tobii	3M	10Ldeg
4	21	1.0000	299.4300	1248.1800	1.6970	287.7460	0.1060	101	Tobii	3M	10Ldeg
5	1	1.0000	318.6300	634.3700	1.9160	288.0000	0.1950	101	Tobii	3M	10Ldeg
6	25	1.0000	900.2500	1250.7800	1.6470	279.1070	0.1300	101	Tobii	3M	10Ldeg
7	3	1.0000	661.4800	663.0100	2.0330	288.0220	0.1180	101	Tobii	3M	10Ldeg
8	23	1.0000	656.6200	1238.2300	1.6910	291.1470	0.1120	101	Tobii	3M	10Ldeg
9	11	1.0000	253.4200	1021.2800	2.0590	279.4490	0.0990	101	Tobii	3M	10Ldeg
1	25	0.7800	1085.2820	924.3210	1.0440	340.1440	1.7790	101	Tobii	3M	10Rdeg
2	11	1.0000	155.9600	741.7400	0.9430	267.4640	0.1080	101	Tobii	3M	10Rdeg
3	5	1.0000	1619.8400	588.8100	3.4770	331.7760	0.2950	101	Tobii	3M	10Rdeg
4	3	1.0000	542.3500	819.7800	2.5500	273.7100	0.5570	101	Tobii	3M	10Rdeg
5	23	1.0000	461.1900	1086.6800	0.9980	261.2910	0.0970	101	Tobii	3M	10Rdeg
6	13	1.0000	628.5000	1053.0200	2.2120	283.0810	1.0160	101	Tobii	3M	10Rdeg
7	21	1.0000	40.7000	1172.7400	1.4100	249.6380	0.1410	101	Tobii	3M	10Rdeg
8	15	0.9800	881.0410	939.5820	1.7220	276.1940	0.5010	101	Tobii	3M	10Rdeg
9	1	1.0000	72.3600	640.1500	1.8810	258.7350	0.2690	101	Tobii	3M	10Rdeg
1	1	1.7920	65.5120	187.5020	1.2040	191.6390	0.4450	102	Pupil Labs	1M	0deg
2	5	1.7750	769.6290	170.6290	0.7440	183.5590	0.3080	102	Pupil Labs	1M	0deg
3	3	1.8000	415.1620	169.8010	0.9890	182.1160	0.5460	102	Pupil Labs	1M	0deg
4	15	1.9920	768.1590	486.9540	0.7750	528.6810	0.1290	102	Pupil Labs	1M	0deg
5	25	1.7580	786.2940	775.7300	0.8670	489.2350	0.4090	102	Pupil Labs	1M	0deg
6	23	1.9830	394.9200	760.1810	1.4920	505.1560	0.1900	102	Pupil Labs	1M	0deg
7	21	1.9830	93.8190	738.3070	1.3960	487.4740	0.1470	102	Pupil Labs	1M	0deg
8	11	1.9830	32.4870	458.6010	1.6370	522.8530	0.1830	102	Pupil Labs	1M	0deg
9	13	1.9830	383.9450	470.4920	1.3960	525.7340	0.1440	102	Pupil Labs	1M	0deg
1	1	1.9830	97.2230	204.1680	0.9200	208.3700	0.1560	102	Pupil Labs	1M	10Ldeg
2	5	1.7830	716.2760	182.0930	1.3760	187.5080	0.2690	102	Pupil Labs	1M	10Ldeg
3	25	1.8080	751.1610	853.4930	0.9860	193.7840	0.3420	102	Pupil Labs	1M	10Ldeg
4	23	1.9830	421.3320	852.1090	0.9430	193.4240	0.1860	102	Pupil Labs	1M	10Ldeg
5	21	1.9830	114.8280	847.7100	0.6270	195.5010	0.1400	102	Pupil Labs	1M	10Ldeg
6	11	1.9830	114.7610	512.7980	0.6230	193.8510	0.1520	102	Pupil Labs	1M	10Ldeg
7	3	1.9920	385.8280	139.1340	1.3690	526.4420	0.1860	102	Pupil Labs	1M	10Ldeg
8	15	1.7750	750.9150	483.5350	0.9800	528.7030	0.2510	102	Pupil Labs	1M	10Ldeg
9	13	1.9830	430.6390	495.4620	0.8100	536.2570	0.1590	102	Pupil Labs	1M	10Ldeg
1	21	1.9830	139.3610	801.1260	0.4920	490.2910	0.1770	102	Pupil Labs	1M	10Rdeg
2	1	1.9830	102.9450	190.0500	0.7910	200.1520	0.1150	102	Pupil Labs	1M	10Rdeg
3	25	1.9830	806.3450	843.6340	0.3370	200.8910	0.1240	102	Pupil Labs	1M	10Rdeg
4	13	1.8500	460.4230	504.0630	0.4640	185.8620	0.4440	102	Pupil Labs	1M	10Rdeg
5	15	1.9830	794.2230	533.8610	0.6030	220.8850	0.1140	102	Pupil Labs	1M	10Rdeg
6	5	1.9920	777.3510	175.8660	0.6610	189.3320	0.0970	102	Pupil Labs	1M	10Rdeg
7	23	1.9830	477.4580	823.9620	0.2850	517.4260	0.1350	102	Pupil Labs	1M	10Rdeg
8	3	1.9830	427.8110	174.7860	0.8470	186.4170	0.0930	102	Pupil Labs	1M	10Rdeg
9	11	1.9750	130.2320	479.5990	0.4870	510.7540	0.0920	102	Pupil Labs	1M	10Rdeg
1	5	1.9830	702.1470	158.6470	0.7680	536.5020	0.1380	102	Pupil Labs	2M	0deg
2	23	1.9830	297.4410	876.9960	1.2100	192.1640	0.1670	102	Pupil Labs	2M	0deg
3	15	1.7330	610.6010	580.5290	1.3830	199.8770	0.3120	102	Pupil Labs	2M	0deg
4	25	1.9920	624.8240	920.2510	1.3200	202.6290	0.1230	102	Pupil Labs	2M	0deg
5	11	1.7750	-153.9440	611.6240	1.9830	199.1960	0.4430	102	Pupil Labs	2M	0deg
6	3	1.7750	277.2110	256.1130	1.4020	201.8750	0.2580	102	Pupil Labs	2M	0deg
7	13	1.1830	434.6970	663.6900	1.0290	248.2510	1.4970	102	Pupil Labs	2M	0deg
8	1	1.6670	-112.1450	285.0750	1.7690	203.0100	0.4000	102	Pupil Labs	2M	0deg
9	21	1.9920	-130.2550	956.3350	1.8770	202.5020	0.1220	102	Pupil Labs	2M	0deg
1	11	1.7330	11.1970	417.2360	1.0290	511.9710	0.5300	102	Pupil Labs	2M	10Ldeg
2	15	1.9830	748.2140	365.5170	0.9300	482.3310	0.1550	102	Pupil Labs	2M	10Ldeg
3	21	1.9920	-20.7910	737.8910	1.2290	513.0180	0.1500	102	Pupil Labs	2M	10Ldeg
4	1	1.9830	-38.1430	100.5880	1.2570	522.1190	0.1560	102	Pupil Labs	2M	10Ldeg
5	5	1.9830	827.6180	22.1970	0.8450	452.2660	0.1660	102	Pupil Labs	2M	10Ldeg
6	3	1.9830	452.8030	51.7060	0.7260	472.3210	0.2080	102	Pupil Labs	2M	10Ldeg
7	23	1.7330	363.4040	738.6060	0.9710	505.2590	0.3480	102	Pupil Labs	2M	10Ldeg
8	13	1.9830	314.1130	413.6430	1.1970	515.0820	0.2820	102	Pupil Labs	2M	10Ldeg
9	25	1.9830	809.5500	733.8820	0.5970	463.4490	0.1250	102	Pupil Labs	2M	10Ldeg
1	1	1.9830	50.8150	144.9330	0.6890	529.3750	0.1930	102	Pupil Labs	2M	10Rdeg
2	21	1.9830	63.0840	782.8910	0.6730	514.0350	0.6430	102	Pupil Labs	2M	10Rdeg
3	11	1.9830	71.0000	501.1260	0.5590	180.6740	0.1060	102	Pupil Labs	2M	10Rdeg
4	5	1.9920	800.4900	127.0040	0.3010	489.6280	0.0890	102	Pupil Labs	2M	10Rdeg
5	23	1.9750	435.7550	820.4680	0.3830	528.6760	0.1460	102	Pupil Labs	2M	10Rdeg
6	15	1.9830	783.1220	509.0710	0.2980	190.2410	0.1420	102	Pupil Labs	2M	10Rdeg
7	3	1.7420	392.0330	196.1050	0.6540	195.2520	0.3380	102	Pupil Labs	2M	10Rdeg
8	13	1.9830	402.3700	571.6720	0.7070	216.2830	0.1700	102	Pupil Labs	2M	10Rdeg
9	25	1.5170	787.8850	908.0220	0.5110	238.6790	0.4560	102	Pupil Labs	2M	10Rdeg
1	5	1.9830	992.2390	-37.7940	1.0090	412.1460	0.1290	102	Pupil Labs	3M	0deg
2	11	1.8330	124.5730	316.3730	0.7340	462.9110	0.3780	102	Pupil Labs	3M	0deg
3	1	1.7250	37.8020	-166.7440	1.3920	471.1320	0.2370	102	Pupil Labs	3M	0deg
4	13	1.9830	521.3820	300.0880	0.7830	443.8950	0.1100	102	Pupil Labs	3M	0deg
5	3	1.9830	510.6220	-153.2020	1.2470	448.0980	0.1460	102	Pupil Labs	3M	0deg
6	25	1.7670	974.4010	803.7120	0.5620	371.8590	0.2820	102	Pupil Labs	3M	0deg
7	21	1.9830	18.1720	740.6260	0.6820	508.0230	0.1840	102	Pupil Labs	3M	0deg
8	23	1.9830	532.7350	738.8190	0.3900	430.8960	0.1890	102	Pupil Labs	3M	0deg
9	15	1.9830	960.2230	231.4710	1.1570	424.7080	0.1160	102	Pupil Labs	3M	0deg
1	5	1.8920	746.1370	224.1280	0.4070	213.3840	0.4870	102	Pupil Labs	3M	10Ldeg
2	11	1.9830	120.7560	429.8110	0.3270	483.1890	0.1410	102	Pupil Labs	3M	10Ldeg
3	3	1.9830	449.2560	87.5880	0.3660	482.6880	0.1990	102	Pupil Labs	3M	10Ldeg
4	23	1.6580	414.9750	791.0350	0.3700	513.5510	0.4140	102	Pupil Labs	3M	10Ldeg
5	1	1.9830	219.9030	181.9870	0.2160	343.9450	0.3820	102	Pupil Labs	3M	10Ldeg
6	21	1.9920	234.2800	725.5190	0.4960	417.9070	0.1020	102	Pupil Labs	3M	10Ldeg
7	25	1.9830	950.3780	687.4620	0.7290	411.2570	0.1670	102	Pupil Labs	3M	10Ldeg
8	13	1.9670	612.2500	468.5130	0.4540	375.6690	0.3310	102	Pupil Labs	3M	10Ldeg
9	15	1.9830	866.6550	498.4370	0.1300	362.6860	0.1350	102	Pupil Labs	3M	10Ldeg
1	25	1.9920	773.1840	953.2260	0.5230	243.3570	0.1310	102	Pupil Labs	3M	10Rdeg
2	5	1.9750	814.3040	260.4640	0.3730	258.5320	0.1320	102	Pupil Labs	3M	10Rdeg
3	21	1.9830	146.8530	798.1090	0.1570	479.3580	0.1450	102	Pupil Labs	3M	10Rdeg
4	3	1.7580	505.0050	169.5830	0.0230	329.7710	0.2110	102	Pupil Labs	3M	10Rdeg
5	15	1.7420	801.7850	470.2920	0.1690	496.7210	0.1920	102	Pupil Labs	3M	10Rdeg
6	13	1.9830	478.4790	503.5340	0.0850	189.3240	0.1540	102	Pupil Labs	3M	10Rdeg
7	1	1.7670	146.9910	162.6040	0.0780	528.3330	0.2850	102	Pupil Labs	3M	10Rdeg
8	23	1.9750	369.5780	861.5020	0.5200	192.1880	0.1620	102	Pupil Labs	3M	10Rdeg
9	11	1.7500	94.2430	455.0670	0.3320	508.1840	0.2120	102	Pupil Labs	3M	10Rdeg
1	13	0.9420	470.6730	429.5930	0.8890	472.6140	0.1540	102	SMI	1M	0deg
2	3	0.9830	475.2970	101.1610	0.8160	470.6620	0.2830	102	SMI	1M	0deg
3	25	1.0080	800.9260	782.7110	0.7010	482.6270	0.1610	102	SMI	1M	0deg
4	11	0.9750	152.5730	496.9060	0.1680	527.6180	0.1330	102	SMI	1M	0deg
5	23	1.0000	474.8750	806.5580	0.4280	493.1790	0.1450	102	SMI	1M	0deg
6	5	1.0000	840.0080	141.8500	0.3000	434.9450	0.1470	102	SMI	1M	0deg
7	15	0.9750	821.8720	470.7350	0.3660	471.3880	0.1600	102	SMI	1M	0deg
8	1	1.0080	149.0410	125.9090	0.5180	473.3860	0.3540	102	SMI	1M	0deg
9	21	1.0080	124.6280	811.9090	0.5500	512.9950	0.2090	102	SMI	1M	0deg
1	25	0.9000	802.8330	813.4910	0.4240	506.9530	0.5650	102	SMI	1M	10Ldeg
2	23	1.0000	492.1670	860.6080	0.3310	253.9760	0.1780	102	SMI	1M	10Ldeg
3	13	0.9830	464.9580	519.8470	0.4690	209.5270	0.2210	102	SMI	1M	10Ldeg
4	5	0.9750	770.3080	82.9830	1.2210	486.9850	0.2490	102	SMI	1M	10Ldeg
5	21	0.9750	167.9570	891.3160	0.6760	271.2750	0.4630	102	SMI	1M	10Ldeg
6	11	0.9920	119.4870	510.1600	0.5620	192.1530	0.2360	102	SMI	1M	10Ldeg
7	1	0.9670	95.5000	145.7500	0.8650	523.6210	0.5030	102	SMI	1M	10Ldeg
8	15	0.9670	763.1210	453.9570	0.9790	506.7440	0.6550	102	SMI	1M	10Ldeg
9	3	0.9500	419.1840	122.1400	1.0750	511.1470	0.6870	102	SMI	1M	10Ldeg
1	11	0.9750	108.0090	538.5040	0.8180	213.2820	0.4470	102	SMI	1M	10Rdeg
2	25	0.9750	700.2560	708.5300	2.1260	496.8380	0.1880	102	SMI	1M	10Rdeg
3	15	1.0080	767.4710	442.0990	1.0220	498.6810	0.1840	102	SMI	1M	10Rdeg
4	13	0.9830	473.8900	486.2460	0.3440	512.2210	0.2280	102	SMI	1M	10Rdeg
5	5	0.9580	872.4350	150.5650	0.4930	382.3810	0.1980	102	SMI	1M	10Rdeg
6	3	1.0000	547.6500	242.6500	1.0450	302.0920	0.3420	102	SMI	1M	10Rdeg
7	23	0.9330	494.6790	743.9290	1.0440	453.4060	0.4740	102	SMI	1M	10Rdeg
8	1	0.9830	290.2880	230.2880	1.6200	332.7680	0.2230	102	SMI	1M	10Rdeg
9	21	1.0000	223.4000	754.9080	1.1280	414.1180	0.1340	102	SMI	1M	10Rdeg
1	5	1.0000	975.5750	465.0170	1.9310	295.4900	0.1950	102	SMI	2M	0deg
2	23	0.9250	557.3240	1079.7660	1.4780	283.0950	0.2840	102	SMI	2M	0deg
3	3	0.9170	644.9450	418.5090	1.6970	299.9220	0.2000	102	SMI	2M	0deg
4	13	1.0000	587.9670	694.4750	1.2470	294.3390	0.1670	102	SMI	2M	0deg
5	15	0.9830	888.9410	739.7880	1.4380	283.0560	0.2090	102	SMI	2M	0deg
6	25	0.9580	838.4430	1094.6350	1.5270	271.1200	0.1220	102	SMI	2M	0deg
7	11	1.0080	236.7020	803.8180	1.8210	282.9810	0.1220	102	SMI	2M	0deg
8	1	0.9830	266.6530	403.1690	1.5000	292.9170	0.1510	102	SMI	2M	0deg
9	21	0.9500	167.2630	1104.0350	1.5810	270.1260	0.1220	102	SMI	2M	0deg
1	3	0.9830	496.4150	220.2630	0.3140	266.1730	0.1550	102	SMI	2M	10Ldeg
2	25	1.0080	783.6120	926.1900	0.6150	241.8320	0.1210	102	SMI	2M	10Ldeg
3	13	0.9670	451.7500	588.3450	0.5880	241.3590	0.5220	102	SMI	2M	10Ldeg
4	5	0.9500	737.6670	185.2370	0.5690	190.9850	0.5590	102	SMI	2M	10Ldeg
5	21	0.9920	68.5290	874.5290	0.6220	202.7720	0.2250	102	SMI	2M	10Ldeg
6	23	0.9830	370.4240	875.1780	0.7950	197.8970	0.1800	102	SMI	2M	10Ldeg
7	15	0.9830	656.4150	524.7290	1.0430	187.9570	0.1670	102	SMI	2M	10Ldeg
8	11	0.9750	5.2910	529.4270	0.9580	190.3340	0.4600	102	SMI	2M	10Ldeg
9	1	0.9750	-21.5380	125.2390	1.1260	527.5860	0.4050	102	SMI	2M	10Ldeg
1	3	1.0080	632.7360	492.6530	2.0560	292.1550	0.1610	102	SMI	2M	10Rdeg
2	11	0.9830	288.2120	799.5850	1.8880	292.0830	0.1710	102	SMI	2M	10Rdeg
3	23	0.9500	587.7980	1032.1050	1.2690	293.8310	0.1530	102	SMI	2M	10Rdeg
4	13	0.9500	704.9120	754.9040	1.9100	308.7950	0.5080	102	SMI	2M	10Rdeg
5	5	0.9500	1181.7890	380.1140	2.3870	328.5100	0.4170	102	SMI	2M	10Rdeg
6	1	0.9830	558.2120	464.1780	2.8720	322.7710	0.1580	102	SMI	2M	10Rdeg
7	21	1.0000	416.6000	1054.7170	1.9500	318.4660	0.1500	102	SMI	2M	10Rdeg
8	25	0.9670	1022.0090	1078.5000	1.8070	307.5810	0.4970	102	SMI	2M	10Rdeg
9	15	0.9920	1184.6970	632.1090	2.1930	339.3940	0.1400	102	SMI	2M	10Rdeg
1	11	0.9920	116.6890	572.1510	0.3420	235.2910	0.1680	102	SMI	3M	0deg
2	13	0.9670	449.4050	505.0520	0.1980	185.7020	0.3510	102	SMI	3M	0deg
3	1	1.0000	66.9920	36.6920	0.6380	487.4840	0.1560	102	SMI	3M	0deg
4	5	0.9170	783.3450	305.7640	0.5760	250.2330	0.2910	102	SMI	3M	0deg
5	21	1.0000	37.9250	887.1330	0.5440	202.6800	0.1530	102	SMI	3M	0deg
6	15	0.9830	755.6530	564.8220	0.3940	219.8440	0.1290	102	SMI	3M	0deg
7	3	0.9920	441.7730	233.0340	0.3440	228.7380	0.2020	102	SMI	3M	0deg
8	23	1.0080	393.9090	894.6120	0.4770	210.0110	0.2480	102	SMI	3M	0deg
9	25	0.9670	741.3020	891.8190	0.4250	212.4360	0.1090	102	SMI	3M	0deg
1	23	0.9330	687.1610	1101.9910	1.2760	304.8630	0.3690	102	SMI	3M	10Ldeg
2	25	0.9750	903.4700	1133.8720	1.2020	283.1360	0.7670	102	SMI	3M	10Ldeg
3	11	0.9830	117.5930	654.7800	0.6330	252.4090	0.1900	102	SMI	3M	10Ldeg
4	21	0.9920	92.4870	1039.0170	0.8520	250.1680	0.1420	102	SMI	3M	10Ldeg
5	13	0.9830	401.4070	727.1190	0.9650	246.5340	0.2220	102	SMI	3M	10Ldeg
6	5	0.9250	660.0090	345.2970	0.9700	225.8640	0.5550	102	SMI	3M	10Ldeg
7	3	0.9750	300.5040	357.2990	1.0750	223.6990	0.4400	102	SMI	3M	10Ldeg
8	15	1.0080	524.0330	620.9420	1.2940	201.3560	0.3200	102	SMI	3M	10Ldeg
9	1	0.9830	-207.6440	250.6860	1.4940	192.6510	0.1670	102	SMI	3M	10Ldeg
1	13	0.9580	503.6960	782.2780	1.1000	270.7500	0.4520	102	SMI	3M	10Rdeg
2	1	1.0080	293.7690	546.4460	1.5600	288.5040	0.1510	102	SMI	3M	10Rdeg
3	23	0.9750	561.8290	1158.2310	1.2880	280.7750	0.2010	102	SMI	3M	10Rdeg
4	11	1.0000	365.2330	827.2920	1.4910	301.2450	0.1590	102	SMI	3M	10Rdeg
5	21	0.9170	360.8910	1173.4000	1.5260	299.7320	0.2880	102	SMI	3M	10Rdeg
6	15	0.9830	1114.1610	773.7970	1.5280	315.7260	0.1180	102	SMI	3M	10Rdeg
7	5	1.0080	1235.8600	433.5870	1.8820	326.4510	0.1920	102	SMI	3M	10Rdeg
8	25	0.9670	1178.5000	1022.4570	1.5330	331.2810	0.8830	102	SMI	3M	10Rdeg
9	3	0.9920	1016.7650	441.3360	2.2800	332.0090	0.1490	102	SMI	3M	10Rdeg
1	5	0.9700	817.6290	214.5670	0.5880	251.8480	0.2030	102	Tobii	1M	0deg
2	3	1.0000	502.6500	212.2900	0.5330	273.3240	0.1920	102	Tobii	1M	0deg
3	23	0.9300	491.5270	830.8170	0.1030	523.4610	0.5110	102	Tobii	1M	0deg
4	13	1.0000	467.6200	541.3100	0.6120	231.9100	0.2080	102	Tobii	1M	0deg
5	21	0.8700	155.7820	790.0690	0.5200	464.1220	0.5070	102	Tobii	1M	0deg
6	15	1.0100	818.8020	516.3070	0.2550	228.2950	0.2140	102	Tobii	1M	0deg
7	1	0.9300	163.0750	244.0860	0.9030	267.3440	0.5060	102	Tobii	1M	0deg
8	11	0.9500	165.2420	532.8840	0.3840	267.5190	0.4340	102	Tobii	1M	0deg
9	25	1.0000	807.0500	883.1000	0.6560	242.1600	0.1460	102	Tobii	1M	0deg
1	25	0.9200	845.4020	739.3700	1.1040	442.6810	0.5510	102	Tobii	1M	10Ldeg
2	3	0.9300	548.1180	153.5270	0.5810	375.2740	0.5030	102	Tobii	1M	10Ldeg
3	21	1.0000	187.0400	794.3200	0.5130	422.4260	0.2110	102	Tobii	1M	10Ldeg
4	15	1.0000	864.4700	472.8300	0.4820	401.1080	0.1150	102	Tobii	1M	10Ldeg
5	11	1.0000	241.2400	467.4200	0.9480	383.6000	0.2350	102	Tobii	1M	10Ldeg
6	13	0.9400	542.2660	468.0110	0.6180	397.1210	0.4410	102	Tobii	1M	10Ldeg
7	5	0.9500	875.1680	195.7160	0.5940	325.2250	0.2150	102	Tobii	1M	10Ldeg
8	23	1.0000	517.0900	784.5500	0.6020	430.6930	0.1560	102	Tobii	1M	10Ldeg
9	1	0.9800	231.0820	202.8670	0.8610	330.6640	0.1910	102	Tobii	1M	10Ldeg
1	23	0.9100	472.5930	889.6150	0.7300	244.0360	0.7860	102	Tobii	1M	10Rdeg
2	1	1.0000	160.1400	279.0500	1.3120	266.6760	0.2190	102	Tobii	1M	10Rdeg
3	11	1.0000	156.4300	581.2200	0.9540	262.8170	0.1510	102	Tobii	1M	10Rdeg
4	5	0.9500	807.3890	271.3160	1.2570	256.0760	0.9990	102	Tobii	1M	10Rdeg
5	3	1.0000	493.9100	232.8200	0.7740	264.7400	0.3300	102	Tobii	1M	10Rdeg
6	25	1.0000	780.8500	887.1800	0.8760	225.7350	0.2050	102	Tobii	1M	10Rdeg
7	21	0.9500	132.7580	932.7370	1.2240	251.1640	0.7240	102	Tobii	1M	10Rdeg
8	13	1.0000	490.0200	559.6900	0.7050	260.5080	0.1810	102	Tobii	1M	10Rdeg
9	15	0.9200	812.3150	569.8260	0.8500	253.2480	0.5460	102	Tobii	1M	10Rdeg
1	25	1.0000	785.7900	1041.5500	1.2480	257.1380	0.3110	102	Tobii	2M	0deg
2	1	1.0000	143.2700	401.7100	1.3800	264.3150	0.2220	102	Tobii	2M	0deg
3	15	1.0000	773.4300	810.8000	1.8490	259.0910	0.1910	102	Tobii	2M	0deg
4	23	0.9000	430.0330	1062.1330	1.3980	252.9960	0.4780	102	Tobii	2M	0deg
5	11	1.0100	125.9410	770.1580	1.5960	261.4270	0.3020	102	Tobii	2M	0deg
6	13	1.0000	447.0400	776.5500	1.6450	259.1590	0.2900	102	Tobii	2M	0deg
7	21	0.8900	137.1350	1058.9890	1.3290	262.5440	0.3050	102	Tobii	2M	0deg
8	5	1.0000	825.0900	505.0600	1.9770	268.6050	0.1510	102	Tobii	2M	0deg
9	3	1.0000	481.7000	479.1700	1.8280	266.6490	0.4510	102	Tobii	2M	0deg
1	1	1.0000	406.1600	240.5800	1.4640	342.8490	0.2530	102	Tobii	2M	10Ldeg
2	5	0.8900	1016.0560	218.5620	1.1100	344.1450	0.7870	102	Tobii	2M	10Ldeg
3	21	0.8500	335.8350	875.2350	1.0180	346.0880	1.3170	102	Tobii	2M	10Ldeg
4	15	0.9800	1015.6630	532.9080	1.0820	349.7690	0.8720	102	Tobii	2M	10Ldeg
5	23	1.0000	718.2100	855.9700	1.2810	354.0770	0.1270	102	Tobii	2M	10Ldeg
6	3	0.9800	708.6120	266.1020	1.3500	334.5150	0.3530	102	Tobii	2M	10Ldeg
7	13	1.0000	681.7400	562.9500	1.1230	340.8950	1.0420	102	Tobii	2M	10Ldeg
8	25	1.0000	1022.9600	903.6900	1.1810	339.6440	0.1150	102	Tobii	2M	10Ldeg
9	11	1.0000	410.3800	620.5100	1.5880	333.6890	0.1340	102	Tobii	2M	10Ldeg
1	5	1.0000	889.6900	656.0300	2.8770	276.5690	0.8770	102	Tobii	2M	10Rdeg
2	15	0.8700	876.7820	941.6440	2.5920	275.6190	0.9920	102	Tobii	2M	10Rdeg
3	13	1.0000	575.5000	970.5400	2.7840	279.1160	0.3310	102	Tobii	2M	10Rdeg
4	11	1.0000	125.2900	997.0100	2.9130	265.2410	0.2600	102	Tobii	2M	10Rdeg
5	3	1.0000	667.3600	525.5700	2.3130	295.0000	0.2580	102	Tobii	2M	10Rdeg
6	21	0.9200	138.6630	1323.3040	2.8670	266.7290	0.5950	102	Tobii	2M	10Rdeg
7	1	0.8800	195.5000	687.1820	3.0450	273.1710	0.4140	102	Tobii	2M	10Rdeg
8	23	1.0000	504.1400	1275.1300	2.5810	270.5370	0.3230	102	Tobii	2M	10Rdeg
9	25	1.0000	891.7000	1286.3100	2.6680	277.3420	0.4500	102	Tobii	2M	10Rdeg
1	11	0.9100	236.9450	819.8240	1.2760	282.3930	0.5890	102	Tobii	3M	0deg
2	13	1.0000	654.0800	762.7000	1.1860	300.3930	0.3630	102	Tobii	3M	0deg
3	5	1.0000	945.8500	605.6000	1.7650	284.3780	0.3830	102	Tobii	3M	0deg
4	1	1.0000	271.4900	496.2600	1.3470	287.6430	0.1860	102	Tobii	3M	0deg
5	15	0.9500	1000.5470	810.7580	1.3750	298.2840	0.5280	102	Tobii	3M	0deg
6	21	1.0000	243.4200	1095.0300	1.0620	286.3460	0.2370	102	Tobii	3M	0deg
7	3	1.0000	612.0900	567.3700	1.6210	285.6280	0.3510	102	Tobii	3M	0deg
8	23	0.9000	525.9560	1213.0670	1.4830	273.9100	0.8740	102	Tobii	3M	0deg
9	25	1.0000	894.5000	1151.9800	1.2640	280.8660	0.2020	102	Tobii	3M	0deg
1	5	0.7700	550.5060	1053.9610	3.6280	252.3200	0.4650	102	Tobii	3M	10Ldeg
2	23	0.8800	441.4200	1111.6930	1.1080	258.1160	0.2960	102	Tobii	3M	10Ldeg
3	3	1.0000	480.6100	455.8700	1.1290	266.1640	0.2090	102	Tobii	3M	10Ldeg
4	1	0.9900	208.5150	544.1920	1.4800	276.3250	0.2430	102	Tobii	3M	10Ldeg
5	25	1.0000	735.2100	1111.6300	1.1500	250.5780	0.4060	102	Tobii	3M	10Ldeg
6	11	0.9100	133.3410	1000.9450	1.9560	266.1940	0.3120	102	Tobii	3M	10Ldeg
7	15	1.0000	822.5600	846.8700	1.3520	268.2210	0.2330	102	Tobii	3M	10Ldeg
8	13	0.9000	455.9000	810.5220	1.2220	261.9170	0.4390	102	Tobii	3M	10Ldeg
9	21	0.8100	-38.7530	1131.1230	1.4090	235.4020	1.5620	102	Tobii	3M	10Ldeg
1	23	0.9200	555.0110	1084.2720	1.0010	282.3650	0.8380	102	Tobii	3M	10Rdeg
2	3	1.0000	522.4000	537.3600	1.4470	273.4580	0.2420	102	Tobii	3M	10Rdeg
3	5	0.9400	795.0000	623.7770	1.7870	265.2060	0.5350	102	Tobii	3M	10Rdeg
4	21	0.9100	13.7030	1178.9450	1.4720	246.1260	0.2030	102	Tobii	3M	10Rdeg
5	11	1.0000	-15.3700	892.9900	1.6870	245.1460	0.3640	102	Tobii	3M	10Rdeg
6	15	0.9100	755.9670	934.6920	1.7200	259.9080	0.6270	102	Tobii	3M	10Rdeg
7	25	1.0000	672.3400	1382.5500	2.2300	253.6620	0.3480	102	Tobii	3M	10Rdeg
8	13	0.9600	391.6040	876.1670	1.5250	253.9250	0.2690	102	Tobii	3M	10Rdeg
9	1	0.8700	50.7360	584.2070	1.6880	254.4830	0.6900	102	Tobii	3M	10Rdeg
1	23	1.9830	495.0380	832.1890	0.0590	527.0150	0.1280	103	Pupil Labs	1M	0deg
2	21	1.9830	136.9200	847.8150	0.3860	205.9590	0.0630	103	Pupil Labs	1M	0deg
3	5	1.9830	856.1850	228.3190	0.7660	290.3370	0.0860	103	Pupil Labs	1M	0deg
4	1	1.9830	143.2520	264.0550	1.1670	256.4810	0.1570	103	Pupil Labs	1M	0deg
5	11	1.9830	131.0800	531.8240	0.5560	221.8050	0.1890	103	Pupil Labs	1M	0deg
6	15	1.9830	861.1390	514.5080	0.3660	332.4450	0.0760	103	Pupil Labs	1M	0deg
7	25	1.8080	867.9680	803.3230	0.5340	400.9090	0.3220	103	Pupil Labs	1M	0deg
8	13	1.9830	492.0130	528.3280	0.3430	254.2530	0.0810	103	Pupil Labs	1M	0deg
9	3	1.9830	493.2310	233.3740	0.7810	264.2060	0.0840	103	Pupil Labs	1M	0deg
1	13	1.9830	447.2860	565.5500	0.9800	231.1940	0.0910	103	Pupil Labs	1M	10Ldeg
2	5	1.9830	777.6680	252.2390	1.1900	236.9560	0.0650	103	Pupil Labs	1M	10Ldeg
3	3	1.9330	453.6590	264.2890	1.2590	244.6070	0.4100	103	Pupil Labs	1M	10Ldeg
4	11	1.9830	119.1600	583.8990	1.1240	240.4800	0.1650	103	Pupil Labs	1M	10Ldeg
5	1	1.8670	108.4460	280.5850	1.4910	242.9300	0.2030	103	Pupil Labs	1M	10Ldeg
6	15	1.9830	770.2270	507.6550	0.7410	186.9170	0.1580	103	Pupil Labs	1M	10Ldeg
7	25	1.9830	772.8950	821.2100	0.7180	528.6580	0.0850	103	Pupil Labs	1M	10Ldeg
8	21	1.9330	131.5130	859.4700	0.5110	216.6300	0.1490	103	Pupil Labs	1M	10Ldeg
9	23	1.9080	438.1050	822.3360	0.7330	529.9250	0.0700	103	Pupil Labs	1M	10Ldeg
1	3	1.9830	564.9920	210.7020	0.9150	325.8800	0.1000	103	Pupil Labs	1M	10Rdeg
2	23	1.8420	549.4800	747.2620	1.1570	420.1070	0.3500	103	Pupil Labs	1M	10Rdeg
3	5	1.9830	903.0500	207.7560	0.9430	329.4860	0.0870	103	Pupil Labs	1M	10Rdeg
4	1	1.8830	217.8630	171.4420	0.5990	354.6710	0.4040	103	Pupil Labs	1M	10Rdeg
5	15	1.4000	899.0480	437.0420	1.0610	403.7730	0.3370	103	Pupil Labs	1M	10Rdeg
6	13	1.9830	552.5290	488.1220	0.6280	372.7420	0.1050	103	Pupil Labs	1M	10Rdeg
7	21	1.9670	209.4240	766.4190	0.9260	417.4220	0.3370	103	Pupil Labs	1M	10Rdeg
8	25	1.9920	899.1590	740.1510	1.3300	414.7620	0.1120	103	Pupil Labs	1M	10Rdeg
9	11	1.9830	199.7480	484.5000	0.4260	385.1050	0.0570	103	Pupil Labs	1M	10Rdeg
1	21	1.9920	70.5690	658.4270	1.1660	478.7850	0.0630	103	Pupil Labs	2M	0deg
2	1	1.9830	85.6180	117.5840	0.5530	508.8010	0.0880	103	Pupil Labs	2M	0deg
3	5	1.9920	823.0000	94.4940	0.4260	458.1480	0.0870	103	Pupil Labs	2M	0deg
4	15	1.9830	821.3820	383.9580	0.6810	455.8800	0.0770	103	Pupil Labs	2M	0deg
5	25	1.9830	839.0800	670.4080	0.9520	447.9800	0.0840	103	Pupil Labs	2M	0deg
6	23	1.9830	476.5760	684.9710	0.8770	458.9720	0.1120	103	Pupil Labs	2M	0deg
7	3	1.9830	486.5800	93.8950	0.4320	460.4490	0.1800	103	Pupil Labs	2M	0deg
8	13	1.9830	471.3110	393.8820	0.6420	465.1280	0.0550	103	Pupil Labs	2M	0deg
9	11	1.9830	102.2820	405.1550	0.6700	484.1710	0.0860	103	Pupil Labs	2M	0deg
1	15	1.9830	990.7820	550.0840	0.9650	342.3540	0.1490	103	Pupil Labs	2M	10Ldeg
2	5	1.9830	835.2520	177.2390	0.0630	280.2860	0.0930	103	Pupil Labs	2M	10Ldeg
3	1	1.9830	156.0290	192.3530	0.1620	247.5040	0.0720	103	Pupil Labs	2M	10Ldeg
4	25	1.9830	915.2480	771.5550	0.5990	397.0230	0.0670	103	Pupil Labs	2M	10Ldeg
5	21	1.9830	204.4450	767.5460	0.4430	420.1330	0.0910	103	Pupil Labs	2M	10Ldeg
6	23	1.9830	574.0970	756.7230	0.6230	405.9560	0.1390	103	Pupil Labs	2M	10Ldeg
7	3	1.9920	518.9080	201.5980	0.2320	298.4260	0.0820	103	Pupil Labs	2M	10Ldeg
8	11	1.9830	212.7060	508.1970	0.2730	349.9040	0.1070	103	Pupil Labs	2M	10Ldeg
9	13	1.8420	562.2440	455.1450	0.4480	395.7780	0.3430	103	Pupil Labs	2M	10Ldeg
1	23	1.9830	565.7230	708.7820	0.8230	422.1810	0.1700	103	Pupil Labs	2M	10Rdeg
2	15	1.7830	1005.9390	370.8550	1.2590	396.8040	0.0680	103	Pupil Labs	2M	10Rdeg
3	11	1.9830	246.8610	376.0590	0.8620	417.0960	0.1110	103	Pupil Labs	2M	10Rdeg
4	1	1.9830	265.6130	85.0210	0.7490	399.5280	0.1210	103	Pupil Labs	2M	10Rdeg
5	13	1.9830	616.7140	341.2390	1.1510	413.6780	0.1070	103	Pupil Labs	2M	10Rdeg
6	5	1.9830	984.8280	85.5250	1.0040	388.1740	0.1040	103	Pupil Labs	2M	10Rdeg
7	3	1.9830	611.7350	74.9750	0.8440	399.3730	0.0590	103	Pupil Labs	2M	10Rdeg
8	21	1.9830	283.2610	633.8910	1.3490	419.6900	0.1230	103	Pupil Labs	2M	10Rdeg
9	25	1.9830	978.2230	622.6050	1.4940	415.4890	0.2000	103	Pupil Labs	2M	10Rdeg
1	13	1.9830	474.8450	475.3530	0.1370	495.5850	0.0460	103	Pupil Labs	3M	0deg
2	25	1.9920	862.4060	786.6530	0.2140	418.0850	0.0800	103	Pupil Labs	3M	0deg
3	23	1.9830	489.6640	816.9450	0.0750	482.2400	0.0630	103	Pupil Labs	3M	0deg
4	1	1.9830	116.4410	208.2650	0.2540	219.6320	0.0680	103	Pupil Labs	3M	0deg
5	21	1.9920	122.0670	816.2090	0.1860	518.9960	0.0890	103	Pupil Labs	3M	0deg
6	5	1.9830	851.4870	156.1090	0.0820	390.1800	0.0470	103	Pupil Labs	3M	0deg
7	15	1.9830	865.0800	486.8240	0.1340	382.5410	0.0730	103	Pupil Labs	3M	0deg
8	3	1.9830	482.1550	205.8030	0.1680	245.4890	0.0600	103	Pupil Labs	3M	0deg
9	11	1.9830	108.7980	520.9370	0.2400	199.8900	0.0920	103	Pupil Labs	3M	0deg
1	25	1.9830	914.1090	792.2980	0.3530	386.9310	0.0940	103	Pupil Labs	3M	10Ldeg
2	3	1.9830	593.8280	264.1010	0.5270	313.9200	0.1020	103	Pupil Labs	3M	10Ldeg
3	5	1.9830	906.4370	255.0250	0.4470	309.6030	0.0790	103	Pupil Labs	3M	10Ldeg
4	23	1.9920	569.8540	809.9000	0.2870	378.5450	0.0920	103	Pupil Labs	3M	10Ldeg
5	15	1.9830	892.6680	517.3660	0.2410	343.6870	0.0870	103	Pupil Labs	3M	10Ldeg
6	21	1.9830	270.3660	837.8610	0.4040	357.5000	0.0810	103	Pupil Labs	3M	10Ldeg
7	1	1.9920	263.9080	316.8330	0.6970	302.9250	0.0880	103	Pupil Labs	3M	10Ldeg
8	13	1.9830	569.2020	566.7480	0.3750	316.0340	0.0960	103	Pupil Labs	3M	10Ldeg
9	11	1.9830	244.7230	594.0080	0.4760	309.7030	0.0890	103	Pupil Labs	3M	10Ldeg
1	25	1.9830	800.4540	1029.8450	0.7760	260.5010	0.1230	103	Pupil Labs	3M	10Rdeg
2	23	1.9580	354.4130	1008.0640	0.8860	230.1990	0.3370	103	Pupil Labs	3M	10Rdeg
3	1	1.7580	171.4740	269.5360	0.4010	272.6760	0.1190	103	Pupil Labs	3M	10Rdeg
4	13	1.9830	444.0550	686.8570	0.7600	253.3320	0.1120	103	Pupil Labs	3M	10Rdeg
5	5	1.9830	904.4790	301.9330	0.5950	297.7430	0.0730	103	Pupil Labs	3M	10Rdeg
6	15	1.9830	868.2100	602.0800	0.4200	288.8630	0.0620	103	Pupil Labs	3M	10Rdeg
7	11	1.9830	127.3070	582.5170	0.3560	244.4990	0.3260	103	Pupil Labs	3M	10Rdeg
8	21	1.9830	54.6970	945.1470	0.6160	224.9600	0.0450	103	Pupil Labs	3M	10Rdeg
9	3	1.9750	478.9620	277.7260	0.4400	259.2740	0.0770	103	Pupil Labs	3M	10Rdeg
1	21	0.9830	142.3640	926.9490	1.1270	255.4470	0.1500	103	SMI	1M	0deg
2	25	0.9830	813.5850	906.1860	0.8800	254.8330	0.1350	103	SMI	1M	0deg
3	11	1.0080	152.4130	617.9010	1.3840	263.1070	0.1560	103	SMI	1M	0deg
4	3	0.9830	507.1360	315.9320	1.7420	272.7370	0.1820	103	SMI	1M	0deg
5	5	1.0080	832.5370	309.1070	1.6600	269.6800	0.1750	103	SMI	1M	0deg
6	23	1.0080	479.9010	913.5620	0.9640	255.9360	0.1320	103	SMI	1M	0deg
7	1	0.9580	152.3220	318.6870	1.7800	264.6090	0.1460	103	SMI	1M	0deg
8	15	1.0000	820.7500	609.3420	1.2830	263.4350	0.1950	103	SMI	1M	0deg
9	13	1.0080	485.6530	588.2810	1.0420	260.7690	0.1480	103	SMI	1M	0deg
1	11	0.9830	214.0080	856.8730	4.1960	277.5570	0.2840	103	SMI	1M	10Ldeg
2	3	1.0000	544.3420	515.6170	4.1000	277.2420	0.1620	103	SMI	1M	10Ldeg
3	5	0.9750	880.7860	454.8210	3.4040	279.3510	0.2970	103	SMI	1M	10Ldeg
4	23	0.9830	545.6100	1068.1530	2.7880	280.9920	0.3820	103	SMI	1M	10Ldeg
5	13	1.0080	535.5210	761.8260	3.0800	277.7260	0.3250	103	SMI	1M	10Ldeg
6	21	0.9750	184.2820	1106.8970	3.1950	273.6840	0.2250	103	SMI	1M	10Ldeg
7	25	1.0080	865.9830	1017.9670	2.1850	280.0280	0.1520	103	SMI	1M	10Ldeg
8	1	1.0080	161.4630	484.3220	3.7030	269.0610	0.1400	103	SMI	1M	10Ldeg
9	15	0.9830	858.5340	732.8560	2.7300	276.1770	0.1240	103	SMI	1M	10Ldeg
1	1	1.0000	233.7000	422.9830	3.0880	284.6560	0.1890	103	SMI	1M	10Rdeg
2	21	0.9830	225.2540	1035.2800	2.4510	286.1780	0.1180	103	SMI	1M	10Rdeg
3	5	0.9670	940.8970	426.4660	3.2770	292.4910	0.1610	103	SMI	1M	10Rdeg
4	15	1.0000	927.8000	715.1920	2.7390	293.7010	0.1760	103	SMI	1M	10Rdeg
5	23	0.9830	590.3730	990.4410	2.1120	299.9090	0.1590	103	SMI	1M	10Rdeg
6	13	0.9920	602.5210	678.3950	2.3980	299.8850	0.1710	103	SMI	1M	10Rdeg
7	11	1.0080	259.0410	680.0250	2.3580	297.1630	0.2470	103	SMI	1M	10Rdeg
8	3	1.0000	611.8000	335.8750	2.3640	303.4540	0.1960	103	SMI	1M	10Rdeg
9	25	0.9670	940.6810	941.5340	1.7760	314.7730	0.1440	103	SMI	1M	10Rdeg
1	15	1.0000	946.4500	679.2750	1.2380	302.2510	0.1500	103	SMI	2M	0deg
2	11	0.9920	273.1930	703.9330	1.3440	297.5810	0.0870	103	SMI	2M	0deg
3	5	0.9920	966.7820	348.8990	1.3190	306.2150	0.1320	103	SMI	2M	0deg
4	21	1.0080	238.3720	951.7770	0.8090	301.1910	0.0980	103	SMI	2M	0deg
5	23	1.0000	598.0830	972.6500	0.9950	305.1470	0.1310	103	SMI	2M	0deg
6	13	0.9750	602.7950	662.1200	1.1210	302.3770	0.0790	103	SMI	2M	0deg
7	25	0.9920	928.5040	961.3530	0.9320	306.6270	0.1260	103	SMI	2M	0deg
8	1	1.0000	275.4250	356.5170	1.2780	299.8070	0.1730	103	SMI	2M	0deg
9	3	0.9500	610.9120	362.4910	1.3150	299.5270	0.0680	103	SMI	2M	0deg
1	11	1.0000	314.9250	675.2830	1.3410	310.2250	0.0860	103	SMI	2M	10Ldeg
2	13	1.0000	616.6750	581.4170	0.8310	325.0920	0.1310	103	SMI	2M	10Ldeg
3	1	0.9750	303.3420	271.7440	1.0070	322.4470	0.1110	103	SMI	2M	10Ldeg
4	21	0.9670	271.6550	905.6120	0.7450	325.4550	0.1010	103	SMI	2M	10Ldeg
5	25	1.0080	877.5290	858.7440	0.2980	330.1030	0.1500	103	SMI	2M	10Ldeg
6	5	0.9580	889.1570	214.3830	0.4290	319.4770	0.0760	103	SMI	2M	10Ldeg
7	15	1.0080	865.6860	587.5040	0.5450	290.2910	0.1000	103	SMI	2M	10Ldeg
8	23	0.9920	538.9410	899.3190	0.4480	300.5470	0.1220	103	SMI	2M	10Ldeg
9	3	0.9750	549.0260	262.0000	0.6260	297.2150	0.1010	103	SMI	2M	10Ldeg
1	3	0.9750	599.6670	236.0090	0.7090	325.1720	0.1120	103	SMI	2M	10Rdeg
2	23	1.0000	574.8170	873.3750	0.4960	331.8440	0.1310	103	SMI	2M	10Rdeg
3	15	0.9830	952.8810	518.1610	0.7060	351.3620	0.1150	103	SMI	2M	10Rdeg
4	13	0.9920	646.8490	513.0000	0.8610	354.9410	0.1340	103	SMI	2M	10Rdeg
5	1	1.0080	348.1900	203.5450	1.0820	348.5160	0.0940	103	SMI	2M	10Rdeg
6	21	0.9750	329.2650	846.7090	0.9530	355.2970	0.1040	103	SMI	2M	10Rdeg
7	11	0.9830	336.6020	514.0340	0.9960	355.2790	0.1100	103	SMI	2M	10Rdeg
8	25	1.0000	989.3830	853.2830	0.9190	352.7150	0.1030	103	SMI	2M	10Rdeg
9	5	0.9670	1073.3100	218.4400	1.4340	347.8260	0.1240	103	SMI	2M	10Rdeg
1	21	0.9750	196.7350	1070.1450	0.9300	277.2360	0.1130	103	SMI	3M	0deg
2	3	0.9830	564.9240	357.4580	0.7850	288.7930	0.0900	103	SMI	3M	0deg
3	5	1.0000	903.6330	385.4830	0.8950	287.8110	0.1060	103	SMI	3M	0deg
4	25	0.9920	913.1260	1041.3530	0.8680	290.9860	0.1280	103	SMI	3M	0deg
5	23	1.0000	567.5330	1062.8750	0.9320	286.3940	0.1130	103	SMI	3M	0deg
6	15	1.0000	927.3420	736.2000	0.9900	291.7030	0.1050	103	SMI	3M	0deg
7	11	0.9750	250.0850	721.1280	0.9210	290.6690	0.1400	103	SMI	3M	0deg
8	1	1.0000	253.9830	346.6670	0.7790	295.8780	0.1080	103	SMI	3M	0deg
9	13	1.0080	569.9340	703.7360	0.8390	288.9450	0.1370	103	SMI	3M	0deg
1	1	1.0080	577.5870	511.3800	2.0890	320.0070	0.1710	103	SMI	3M	10Ldeg
2	5	0.9830	1149.0250	363.8050	1.4500	328.0170	0.0940	103	SMI	3M	10Ldeg
3	15	0.9920	1129.3780	656.5130	1.3050	332.1360	0.1090	103	SMI	3M	10Ldeg
4	13	1.0000	817.3080	626.9330	1.3310	338.1970	0.1340	103	SMI	3M	10Ldeg
5	25	0.9500	1073.4470	887.4650	0.9590	347.2960	0.1010	103	SMI	3M	10Ldeg
6	11	0.9920	463.0760	576.3190	1.1920	345.5610	0.1300	103	SMI	3M	10Ldeg
7	3	1.0000	742.9500	225.1000	0.9730	346.4760	0.0970	103	SMI	3M	10Ldeg
8	21	0.9750	360.1200	799.0940	0.7650	370.0370	0.1140	103	SMI	3M	10Ldeg
9	23	1.0080	661.7600	803.9750	0.6400	370.2870	0.1170	103	SMI	3M	10Ldeg
1	3	1.0000	556.5580	270.6750	0.4610	298.5370	0.1370	103	SMI	3M	10Rdeg
2	25	0.9670	929.9740	924.3360	0.5170	316.7210	0.1270	103	SMI	3M	10Rdeg
3	1	1.0000	277.6500	234.1420	0.5060	328.7010	0.0850	103	SMI	3M	10Rdeg
4	23	0.9920	644.4370	943.8240	0.7080	322.5850	0.1250	103	SMI	3M	10Rdeg
5	21	0.9670	306.4660	964.7840	0.7480	316.7630	0.1350	103	SMI	3M	10Rdeg
6	11	1.0000	319.0580	613.3250	0.7400	323.3640	0.1460	103	SMI	3M	10Rdeg
7	13	0.9750	685.4530	651.3590	0.9330	320.7800	0.1150	103	SMI	3M	10Rdeg
8	5	0.9580	1060.0430	305.5300	1.0360	328.5120	0.1400	103	SMI	3M	10Rdeg
9	15	1.0000	1071.0080	656.3750	1.1080	326.6580	0.1220	103	SMI	3M	10Rdeg
1	1	1.0000	208.2200	213.3100	0.7280	311.6970	0.1150	103	Tobii	1M	0deg
2	21	1.0000	173.8900	715.7800	1.3730	446.4840	0.2030	103	Tobii	1M	0deg
3	5	1.0000	841.5700	219.6700	0.6250	278.8330	0.2270	103	Tobii	1M	0deg
4	15	1.0000	840.6200	477.3200	0.2780	432.1890	0.0950	103	Tobii	1M	0deg
5	23	1.0000	531.5900	733.7100	1.2180	432.4060	0.1950	103	Tobii	1M	0deg
6	3	1.0000	509.2100	213.3000	0.5540	281.1720	0.1260	103	Tobii	1M	0deg
7	11	1.0000	183.6400	459.2200	0.5150	427.4020	0.1430	103	Tobii	1M	0deg
8	13	1.0000	497.4000	461.9600	0.4440	453.9100	0.0960	103	Tobii	1M	0deg
9	25	1.0000	818.3400	750.6000	0.9800	460.2720	0.1550	103	Tobii	1M	0deg
1	3	1.0000	568.0500	333.9700	2.1050	292.1340	0.3190	103	Tobii	1M	10Ldeg
2	5	1.0000	905.3200	337.4900	2.1610	292.8510	0.2160	103	Tobii	1M	10Ldeg
3	21	0.9700	169.8870	931.4640	1.1440	271.8790	1.2660	103	Tobii	1M	10Ldeg
4	11	1.0000	202.2300	620.2300	1.4610	286.4780	0.1620	103	Tobii	1M	10Ldeg
5	23	0.9800	533.3270	882.7650	0.6950	303.9870	0.1690	103	Tobii	1M	10Ldeg
6	13	1.0000	570.1700	586.9200	1.3020	308.9140	0.2450	103	Tobii	1M	10Ldeg
7	25	1.0000	890.6400	843.3200	0.6780	350.1150	0.3570	103	Tobii	1M	10Ldeg
8	15	1.0000	904.8900	601.1700	1.4440	305.2710	0.6450	103	Tobii	1M	10Ldeg
9	1	1.0000	229.7500	399.6400	2.8130	285.1510	0.5180	103	Tobii	1M	10Ldeg
1	13	1.0000	488.1700	512.6000	0.2010	226.8050	0.1600	103	Tobii	1M	10Rdeg
2	11	1.0000	122.8800	538.8000	0.6820	221.5450	0.3010	103	Tobii	1M	10Rdeg
3	25	1.0000	788.1400	855.7600	0.5880	206.3920	0.2040	103	Tobii	1M	10Rdeg
4	5	1.0000	786.2300	248.0400	1.0960	239.9350	0.3700	103	Tobii	1M	10Rdeg
5	23	1.0000	467.3900	841.5900	0.3920	194.2080	0.6050	103	Tobii	1M	10Rdeg
6	15	0.5700	819.8250	582.0000	0.9690	260.6450	1.6680	103	Tobii	1M	10Rdeg
7	3	1.0000	474.8700	259.8900	1.1250	254.9140	0.2050	103	Tobii	1M	10Rdeg
8	1	1.0000	167.4300	276.8000	1.2840	270.3970	0.1300	103	Tobii	1M	10Rdeg
9	21	1.0000	135.3400	846.9000	0.3980	203.4160	0.1600	103	Tobii	1M	10Rdeg
1	3	0.9900	589.5660	630.2530	2.7580	280.9350	0.6910	103	Tobii	2M	0deg
2	21	0.9800	202.0510	1553.5920	4.2120	272.8130	0.3690	103	Tobii	2M	0deg
3	15	1.0000	891.5600	924.3700	2.5020	277.8130	0.1700	103	Tobii	2M	0deg
4	23	1.0000	591.4000	1128.1200	1.8030	287.2260	0.1020	103	Tobii	2M	0deg
5	25	1.0000	887.1800	1150.2600	1.8780	279.6430	0.1650	103	Tobii	2M	0deg
6	11	1.0000	223.6300	816.3100	1.8770	280.2090	0.0950	103	Tobii	2M	0deg
7	1	1.0000	289.3200	425.7500	1.6740	295.3330	0.4200	103	Tobii	2M	0deg
8	13	1.0000	574.2200	714.5700	1.3260	289.0810	0.1180	103	Tobii	2M	0deg
9	5	1.0000	887.1300	500.7100	1.9760	279.1490	0.5730	103	Tobii	2M	0deg
1	1	1.0000	206.1700	358.0100	1.1410	281.6650	0.1960	103	Tobii	2M	10Ldeg
2	13	1.0000	508.0600	578.4100	0.4600	275.8690	0.3120	103	Tobii	2M	10Ldeg
3	23	1.0000	498.7200	911.9900	0.4600	269.0680	0.1770	103	Tobii	2M	10Ldeg
4	11	1.0000	189.5300	579.8900	0.4850	285.9700	0.1120	103	Tobii	2M	10Ldeg
5	25	1.0000	838.1600	940.9700	0.6290	272.5680	0.1030	103	Tobii	2M	10Ldeg
6	21	1.0000	148.0300	992.3300	0.9350	263.3150	0.1740	103	Tobii	2M	10Ldeg
7	3	1.0000	566.4600	290.4800	0.8210	298.2260	0.1070	103	Tobii	2M	10Ldeg
8	5	1.0000	865.4000	335.3100	1.0030	280.7660	0.1930	103	Tobii	2M	10Ldeg
9	15	1.0000	828.0100	621.7300	0.7120	267.4960	0.2340	103	Tobii	2M	10Ldeg
1	21	0.9100	206.1980	1260.4950	2.5060	275.2870	1.2370	103	Tobii	2M	10Rdeg
2	23	1.0000	450.5300	941.8300	0.6970	245.4890	0.4290	103	Tobii	2M	10Rdeg
3	1	1.0000	174.0800	384.1100	1.2710	271.9530	0.1670	103	Tobii	2M	10Rdeg
4	5	1.0000	783.2300	320.9000	0.9470	252.0030	0.1510	103	Tobii	2M	10Rdeg
5	15	1.0000	765.8700	626.3400	0.8370	241.8990	0.2170	103	Tobii	2M	10Rdeg
6	11	1.0000	160.4700	687.1700	1.0940	268.1040	0.1400	103	Tobii	2M	10Rdeg
7	25	1.0000	822.4600	1166.8500	1.9490	268.1330	0.5400	103	Tobii	2M	10Rdeg
8	13	1.0000	461.5600	684.9500	1.1030	258.2590	0.2360	103	Tobii	2M	10Rdeg
9	3	1.0000	526.8000	451.1600	1.6690	275.3820	0.1530	103	Tobii	2M	10Rdeg
1	1	1.0000	269.3200	580.0400	1.6590	283.9460	0.2720	103	Tobii	3M	0deg
2	21	1.0000	330.5800	991.0700	0.8860	316.1000	0.0790	103	Tobii	3M	0deg
3	13	1.0000	593.2000	778.6400	1.1450	288.4940	0.1890	103	Tobii	3M	0deg
4	15	1.0000	988.9100	713.8200	1.0300	306.0400	0.1110	103	Tobii	3M	0deg
5	25	0.9500	958.5260	1358.7370	2.1040	283.4020	0.8680	103	Tobii	3M	0deg
6	23	1.0000	634.5300	998.9700	0.8310	309.0830	0.2530	103	Tobii	3M	0deg
7	3	0.9800	729.3060	495.7550	1.5630	304.8680	0.6300	103	Tobii	3M	0deg
8	5	1.0000	273.3400	592.0100	2.7390	217.2190	0.1380	103	Tobii	3M	0deg
9	11	1.0000	337.0600	843.3000	1.4930	296.3970	0.1950	103	Tobii	3M	0deg
1	11	1.0000	379.0400	945.6500	1.9230	295.4800	0.2740	103	Tobii	3M	10Ldeg
2	3	1.0000	712.3400	756.0000	2.4400	289.8140	0.2320	103	Tobii	3M	10Ldeg
3	21	1.0000	368.1400	1280.4300	1.9100	294.2580	0.1590	103	Tobii	3M	10Ldeg
4	1	1.0000	387.2600	647.3300	2.0600	294.6520	0.1740	103	Tobii	3M	10Ldeg
5	13	1.0000	743.5900	938.2200	1.9530	299.0680	0.1830	103	Tobii	3M	10Ldeg
6	15	1.0000	952.0400	1083.3600	2.3190	281.5020	0.6670	103	Tobii	3M	10Ldeg
7	25	1.0000	1014.8600	1143.2800	1.3990	300.3560	0.1420	103	Tobii	3M	10Ldeg
8	5	1.0000	1065.1800	749.6900	2.4440	291.6860	0.1600	103	Tobii	3M	10Ldeg
9	23	1.0000	752.0100	1202.3500	1.7410	304.3300	0.1220	103	Tobii	3M	10Ldeg
1	3	1.0000	555.1800	621.6900	1.7860	276.9140	0.1940	103	Tobii	3M	10Rdeg
2	13	1.0000	545.2700	857.3200	1.4030	277.2210	0.1010	103	Tobii	3M	10Rdeg
3	25	1.0100	956.1490	1173.9700	1.4110	289.8270	0.1490	103	Tobii	3M	10Rdeg
4	23	1.0000	589.9800	1163.0900	1.3320	285.2630	0.7590	103	Tobii	3M	10Rdeg
5	11	0.9800	243.9290	1018.6020	2.0430	278.4740	0.1530	103	Tobii	3M	10Rdeg
6	5	1.0000	902.8000	503.6000	1.3400	281.6500	0.1470	103	Tobii	3M	10Rdeg
7	1	1.0000	316.0900	636.5000	1.9210	287.6420	0.1910	103	Tobii	3M	10Rdeg
8	21	0.9800	374.1630	1352.7140	2.1790	291.7770	0.3730	103	Tobii	3M	10Rdeg
9	15	1.0000	904.1700	977.0700	1.8790	278.4460	0.7450	103	Tobii	3M	10Rdeg
